,id_feu,siniestro_fecha,siniestro_hora,zona_ocurrencia,via_publica,nombre_via,altura_km,entre_calle_1,latitud,longitud,ilesos,heridos,fallecidos,vehiculos,peatones,tipo_siniestro_unico,cantidad_de_involucrados,material_de_la_calzada,estado_de_la_calzada,estado_fisico_ambiental,luminosidad,luz_artificial,estado_ambiental,visibilidad,semaforo,tipo_involucrado
215,49543,2019-10-17,20:45:00,Urbana,Avenida,AV PUJOL,2400,VELEZ SARSFIELD,-2.746.847,-5.882.012,1,1,0,2,0,Colisión entre vehículos,2,Hormigón,Apto,Seca,Noche,SI,Despejado,Buena,Sin Semáforo,Automóvil
216,49543,2019-10-17,20:45:00,Urbana,Avenida,AV PUJOL,2400,VELEZ SARSFIELD,-2.746.847,-5.882.012,1,1,0,2,0,Colisión entre vehículos,2,Hormigón,Apto,Seca,Noche,SI,Despejado,Buena,Sin Semáforo,Motocicleta
217,58475,2019-10-17,08:05:00,Urbana,Ruta Nacional,12,1029,,-2.749.221,-5.877.895,1,1,0,2,0,Colisión entre vehículos,2,Asfalto,Apto,Seca,Día,NO,Despejado,Buena,Sin Semáforo,Transporte de carga
218,58475,2019-10-17,08:05:00,Urbana,Ruta Nacional,12,1029,,-2.749.221,-5.877.895,1,1,0,2,0,Colisión entre vehículos,2,Asfalto,Apto,Seca,Día,NO,Despejado,Buena,Sin Semáforo,Automóvil
219,49222,2019-10-16,08:05:00,Urbana,Avenida,AV 3 DE ABRIL,1100,SAN JUAN,-2.747.542,-5.883.752,2,0,0,2,0,Colisión entre vehículos,2,,Apto,Mojada,Día,NO,Lluvia,Lluvia,Funciona,Automóvil
220,49222,2019-10-16,08:05:00,Urbana,Avenida,AV 3 DE ABRIL,1100,SAN JUAN,-2.747.542,-5.883.752,2,0,0,2,0,Colisión entre vehículos,2,,Apto,Mojada,Día,NO,Lluvia,Lluvia,Funciona,Camioneta/Utilitario
221,49592,2019-10-16,17:50:00,Urbana,Calle,TTE CUNDON,1500,VELAZCO,-2.748.638,-5.883.424,1,0,0,1,0,Vuelco (solo 1 participante),1,Asfalto,Baches,Seca,Atardecer,NO,Nublado,Buena,Sin Semáforo,Automóvil
222,62706,2019-10-16,22:35:00,Urbana,Calle,LA VALLE,3840,,-2.748.170,-5.880.516,1,1,0,2,0,Colisión entre vehículos,2,Tierra,Apto,Seca,Noche,SI,Despejado,Buena,Sin Semáforo,Automóvil
223,62706,2019-10-16,22:35:00,Urbana,Calle,LA VALLE,3840,,-2.748.170,-5.880.516,1,1,0,2,0,Colisión entre vehículos,2,Tierra,Apto,Seca,Noche,SI,Despejado,Buena,Sin Semáforo,Motocicleta
224,49309,2019-10-16,10:40:00,Urbana,Avenida,AV CHACABUCO,2200,MADARIAGA,-2.748.509,-5.881.607,1,2,0,2,0,Colisión entre vehículos,2,Asfalto,Apto,Seca,Día,NO,Despejado,Buena,Sin Semáforo,Motocicleta
225,49309,2019-10-16,10:40:00,Urbana,Avenida,AV CHACABUCO,2200,MADARIAGA,-2.748.509,-5.881.607,1,2,0,2,0,Colisión entre vehículos,2,Asfalto,Apto,Seca,Día,NO,Despejado,Buena,Sin Semáforo,Automóvil
226,49363,2019-10-16,08:10:00,Urbana,Calle,CARTAGENA,3100,RECONQUISTA,-2.749.244,-5.881.574,1,1,0,2,0,Colisión entre vehículos,2,Hormigón,Apto,Seca,Día,NO,Despejado,Buena,Sin Semáforo,Motocicleta
227,49363,2019-10-16,08:10:00,Urbana,Calle,CARTAGENA,3100,RECONQUISTA,-2.749.244,-5.881.574,1,1,0,2,0,Colisión entre vehículos,2,Hormigón,Apto,Seca,Día,NO,Despejado,Buena,Sin Semáforo,Motocicleta
228,67508,2019-10-16,08:00:00,Urbana,Calle,GRAL PAZ,3700,TACUARI,-2.748.224,-5.880.673,0,1,0,1,0,Despiste,1,Hormigón,Apto,Seca,Día,NO,Despejado,Buena,Sin Semáforo,Motocicleta
229,49392,2019-10-16,13:08:00,Urbana,Calle,CIRILO BLANCO,2975,TURIN,-2.749.925,-5.878.501,1,2,0,2,0,,2,Hormigón,Apto,Seca,Día,NO,Despejado,Buena,Sin Semáforo,Motocicleta
230,49392,2019-10-16,13:08:00,Urbana,Calle,CIRILO BLANCO,2975,TURIN,-2.749.925,-5.878.501,1,2,0,2,0,,2,Hormigón,Apto,Seca,Día,NO,Despejado,Buena,Sin Semáforo,Motocicleta
231,49547,2019-10-15,01:40:00,Urbana,Avenida,AV POMAR,700,,-2.747.018,-5.880.565,1,0,0,1,0,Colisión entre vehículos,1,Hormigón,Apto,"Despejada, Seca",Noche,SI,,Buena,No Funciona,Automóvil
232,49611,2019-10-15,01:30:00,Urbana,Calle,GUEMES,1300,SUIZA,-2.747.705,-5.880.715,1,1,0,2,0,Colisión entre vehículos,2,Hormigón,Apto,Seca,Noche,SI,Nublado,Buena,Sin Semáforo,Automóvil
233,49611,2019-10-15,01:30:00,Urbana,Calle,GUEMES,1300,SUIZA,-2.747.705,-5.880.715,1,1,0,2,0,Colisión entre vehículos,2,Hormigón,Apto,Seca,Noche,SI,Nublado,Buena,Sin Semáforo,Motocicleta
234,54456,2019-10-15,08:50:00,Urbana,Avenida,AV MAIPU,2500,,-2.749.715,-5.881.598,2,0,0,2,0,Colisión entre vehículos,2,Asfalto,Apto,"Despejada, Seca",Día,NO,Despejado,Buena,Sin Semáforo,Automóvil
235,54456,2019-10-15,08:50:00,Urbana,Avenida,AV MAIPU,2500,,-2.749.715,-5.881.598,2,0,0,2,0,Colisión entre vehículos,2,Asfalto,Apto,"Despejada, Seca",Día,NO,Despejado,Buena,Sin Semáforo,Motocicleta
236,67515,2019-10-13,08:15:00,Urbana,Avenida,AV C ORRENTINOS,3900,RESOAGLI,-2.748.671,-5.880.510,1,1,0,2,0,Colisión entre vehículos,2,Asfalto,Apto,"Despejada, Seca",Día,NO,Despejado,Buena,Sin Semáforo,Motocicleta
237,67515,2019-10-13,08:15:00,Urbana,Avenida,AV C ORRENTINOS,3900,RESOAGLI,-2.748.671,-5.880.510,1,1,0,2,0,Colisión entre vehículos,2,Asfalto,Apto,"Despejada, Seca",Día,NO,Despejado,Buena,Sin Semáforo,Automóvil
238,49261,2019-10-13,19:02:00,Urbana,Avenida,AV CAZADORES CORRENTINO,3400,CASTELLI,-2.748.715,-5.881.102,1,1,0,2,0,Colisión entre vehículos,2,Asfalto,Apto,Seca,Atardecer,NO,Despejado,Buena,Sin Semáforo,Automóvil
239,49261,2019-10-13,19:02:00,Urbana,Avenida,AV CAZADORES CORRENTINO,3400,CASTELLI,-2.748.715,-5.881.102,1,1,0,2,0,Colisión entre vehículos,2,Asfalto,Apto,Seca,Atardecer,NO,Despejado,Buena,Sin Semáforo,Bicicleta
240,49346,2019-10-12,17:40:00,Urbana,Avenida,AVENIDA 3 DE ABRIL,1300,CORDOBA,-2.747.594,-5.883.536,2,1,0,2,0,Colisión entre vehículos,2,Hormigón,Apto,Seca,Día,NO,Nublado,Buena,Funciona,Motocicleta
241,49346,2019-10-12,17:40:00,Urbana,Avenida,AVENIDA 3 DE ABRIL,1300,CORDOBA,-2.747.594,-5.883.536,2,1,0,2,0,Colisión entre vehículos,2,Hormigón,Apto,Seca,Día,NO,Nublado,Buena,Funciona,Automóvil
242,49495,2019-10-11,06:00:00,Urbana,Avenida,AV ARMENIA,2985,AV CHACABUCO,-2.746.746,-5.881.184,0,2,0,2,0,Colisión entre vehículos,2,Asfalto,Apto,Seca,Atardecer,SI,Despejado,,Funciona,Automóvil
243,49495,2019-10-11,06:00:00,Urbana,Avenida,AV ARMENIA,2985,AV CHACABUCO,-2.746.746,-5.881.184,0,2,0,2,0,Colisión entre vehículos,2,Asfalto,Apto,Seca,Atardecer,SI,Despejado,,Funciona,Motocicleta
244,49512,2019-10-11,08:15:00,Urbana,Avenida,AV TENIENTE IBAÑEZ,1400,VARGAS GOMEZ,-2.748.566,-5.883.523,1,1,0,2,0,Colisión entre vehículos,2,Asfalto,Apto,Seca,Día,NO,Despejado,Buena,Sin Semáforo,Automóvil
245,49512,2019-10-11,08:15:00,Urbana,Avenida,AV TENIENTE IBAÑEZ,1400,VARGAS GOMEZ,-2.748.566,-5.883.523,1,1,0,2,0,Colisión entre vehículos,2,Asfalto,Apto,Seca,Día,NO,Despejado,Buena,Sin Semáforo,Automóvil
246,49284,2019-10-11,22:30:00,Urbana,Avenida,AV CHACABUCO,2000,GRAL PAZ,-2.748.099,-5.881.518,1,1,0,2,0,Colisión entre vehículos,2,Hormigón,Apto,Seca,Noche,SI,Despejado,Buena,Funciona,Automóvil
247,49284,2019-10-11,22:30:00,Urbana,Avenida,AV CHACABUCO,2000,GRAL PAZ,-2.748.099,-5.881.518,1,1,0,2,0,Colisión entre vehículos,2,Hormigón,Apto,Seca,Noche,SI,Despejado,Buena,Funciona,Motocicleta
248,54492,2019-10-10,10:30:00,Urbana,Calle,MADARIAGA,798,,-2.748.234,-5.884.275,1,1,0,2,0,Colisión entre vehículos,2,Hormigón,Apto,Seca,Día,NO,Despejado,Buena,Sin Semáforo,Automóvil
249,54492,2019-10-10,10:30:00,Urbana,Calle,MADARIAGA,798,,-2.748.234,-5.884.275,1,1,0,2,0,Colisión entre vehículos,2,Hormigón,Apto,Seca,Día,NO,Despejado,Buena,Sin Semáforo,Motocicleta
250,62884,2019-10-10,15:15:00,Urbana,Avenida,PTE. JUAN D. PERON,4698,MEDRANO,-2.748.817,-5.879.522,2,1,0,2,0,Colisión entre vehículos,2,,,,,NO,Despejado,Buena,Funciona,Transporte de carga
251,62884,2019-10-10,15:15:00,Urbana,Avenida,PTE. JUAN D. PERON,4698,MEDRANO,-2.748.817,-5.879.522,2,1,0,2,0,Colisión entre vehículos,2,,,,,NO,Despejado,Buena,Funciona,Motocicleta
252,67705,2019-10-10,07:05:00,Urbana,Avenida,AV TTE IBAÑEZ,1092,,-2.748.526,-5.883.993,1,0,0,1,0,Colisión entre vehículos,1,Hormigón,Apto,Seca,Día,NO,Despejado,Buena,Sin Semáforo,Motocicleta
253,49359,2019-10-09,04:20:00,Urbana,Avenida,AVENIDA CAZADORES CORRENTINOS,5500,GROUSSAC,-2.748.966,-5.878.778,0,1,0,1,0,Caída desde vehículo,1,Asfalto,Apto,Seca,Amanecer,SI,Despejado,Buena,,Motocicleta
254,49484,2019-10-09,08:40:00,Urbana,Avenida,AV ARMENIA,3800,,-2.746.799,-5.880.428,2,0,0,2,0,Colisión entre vehículos,2,Asfalto,Apto,Mojada,Día,NO,Lluvia,Buena,Sin Semáforo,Automóvil
255,49484,2019-10-09,08:40:00,Urbana,Avenida,AV ARMENIA,3800,,-2.746.799,-5.880.428,2,0,0,2,0,Colisión entre vehículos,2,Asfalto,Apto,Mojada,Día,NO,Lluvia,Buena,Sin Semáforo,Automóvil
256,49494,2019-10-08,11:45:00,Urbana,Calle,LAVALLE,1700,ELIAS ABAD,-2.747.557,-5.884.831,1,2,0,2,0,Colisión entre vehículos,2,Hormigón,Apto,Seca,Día,NO,Despejado,Buena,Sin Semáforo,Motocicleta
257,49494,2019-10-08,11:45:00,Urbana,Calle,LAVALLE,1700,ELIAS ABAD,-2.747.557,-5.884.831,1,2,0,2,0,Colisión entre vehículos,2,Hormigón,Apto,Seca,Día,NO,Despejado,Buena,Sin Semáforo,Camioneta/Utilitario
258,67707,2019-10-08,06:50:00,Urbana,Avenida,AV MAIPU,1500,SANTA CATALINA,-2.749.156,-5.881.971,0,2,0,2,0,Colisión entre vehículos,2,Asfalto,Apto,Seca,Día,NO,Despejado,Buena,Sin Semáforo,Motocicleta
259,67707,2019-10-08,06:50:00,Urbana,Avenida,AV MAIPU,1500,SANTA CATALINA,-2.749.156,-5.881.971,0,2,0,2,0,Colisión entre vehículos,2,Asfalto,Apto,Seca,Día,NO,Despejado,Buena,Sin Semáforo,Motocicleta
260,49581,2019-10-08,09:15:00,Urbana,Calle,GUEMES,1700,GRAL PAZ,-2.748.193,-5.880.801,1,1,0,2,0,Colisión entre vehículos,2,Hormigón,Apto,Seca,Día,NO,Despejado,Buena,Sin Semáforo,Motocicleta
261,49581,2019-10-08,09:15:00,Urbana,Calle,GUEMES,1700,GRAL PAZ,-2.748.193,-5.880.801,1,1,0,2,0,Colisión entre vehículos,2,Hormigón,Apto,Seca,Día,NO,Despejado,Buena,Sin Semáforo,Automóvil
262,49416,2019-10-08,09:20:00,Urbana,Avenida,AVENIDA GOBERNADOR RUIZ,2600,PLAYA MIRAMAR,-2.746.724,-5.881.736,0,2,0,2,0,Colisión entre vehículos,2,Asfalto,Apto,"Despejada, Seca",Día,NO,Despejado,Buena,Sin Semáforo,Motocicleta
263,49416,2019-10-08,09:20:00,Urbana,Avenida,AVENIDA GOBERNADOR RUIZ,2600,PLAYA MIRAMAR,-2.746.724,-5.881.736,0,2,0,2,0,Colisión entre vehículos,2,Asfalto,Apto,"Despejada, Seca",Día,NO,Despejado,Buena,Sin Semáforo,Motocicleta
264,49395,2019-10-06,13:00:00,Urbana,Avenida,AV CAZADORES CORRENTINO,4000,OBISPO NIELLA,-2.748.685,-5.880.391,1,1,0,2,0,Colisión entre vehículos,2,Asfalto,Apto,Seca,Día,SI,Despejado,Buena,Sin Semáforo,Motocicleta
265,49395,2019-10-06,13:00:00,Urbana,Avenida,AV CAZADORES CORRENTINO,4000,OBISPO NIELLA,-2.748.685,-5.880.391,1,1,0,2,0,Colisión entre vehículos,2,Asfalto,Apto,Seca,Día,SI,Despejado,Buena,Sin Semáforo,Automóvil
266,54496,2019-10-06,20:00:00,Urbana,Avenida,AV ALTA GRACIA,3000,,-2.750.786,-5.881.202,2,0,0,2,0,Colisión entre vehículos,2,Hormigón,Apto,Seca,Noche,SI,Despejado,Buena,Sin Semáforo,Motocicleta
267,54496,2019-10-06,20:00:00,Urbana,Avenida,AV ALTA GRACIA,3000,,-2.750.786,-5.881.202,2,0,0,2,0,Colisión entre vehículos,2,Hormigón,Apto,Seca,Noche,SI,Despejado,Buena,Sin Semáforo,Motocicleta
268,49387,2019-10-06,14:40:00,Urbana,Calle,COLOMBIA,1000,SAN MARTIN,-2.747.172,-5.881.698,1,1,0,2,0,Colisión entre vehículos,2,Asfalto,Apto,"Despejada, Seca",Día,NO,Despejado,,Sin Semáforo,Automóvil
269,49387,2019-10-06,14:40:00,Urbana,Calle,COLOMBIA,1000,SAN MARTIN,-2.747.172,-5.881.698,1,1,0,2,0,Colisión entre vehículos,2,Asfalto,Apto,"Despejada, Seca",Día,NO,Despejado,,Sin Semáforo,Motocicleta
270,49444,2019-10-05,08:00:00,Urbana,Avenida,AVENIDA MAIPU,2500,ACONCAGUA,-2.749.822,-5.881.528,1,1,0,2,0,Colisión entre vehículos,2,Asfalto,Apto,Seca,Día,NO,Nublado,Buena,Funciona,Automóvil
271,49444,2019-10-05,08:00:00,Urbana,Avenida,AVENIDA MAIPU,2500,ACONCAGUA,-2.749.822,-5.881.528,1,1,0,2,0,Colisión entre vehículos,2,Asfalto,Apto,Seca,Día,NO,Nublado,Buena,Funciona,Motocicleta
272,49328,2019-10-04,17:30:00,Urbana,Avenida,AVENIDA INDEPENDENCIA,3200,JUAN JOSE PASO,-2.747.906,-5.881.123,2,0,0,2,0,Colisión entre vehículos,2,Hormigón,Apto,Seca,Día,NO,Despejado,Buena,Funciona,Automóvil
273,49328,2019-10-04,17:30:00,Urbana,Avenida,AVENIDA INDEPENDENCIA,3200,JUAN JOSE PASO,-2.747.906,-5.881.123,2,0,0,2,0,Colisión entre vehículos,2,Hormigón,Apto,Seca,Día,NO,Despejado,Buena,Funciona,Automóvil
274,49237,2019-10-03,11:30:00,Urbana,Avenida,AV. TRES DE ABRIL,400,MISIONES,-2.747.444,-5.884.617,0,2,0,2,0,Colisión entre vehículos,2,Hormigón,Apto,Seca,Día,NO,"Despejado, Viento",Buena,Funciona,Motocicleta
275,49237,2019-10-03,11:30:00,Urbana,Avenida,AV. TRES DE ABRIL,400,MISIONES,-2.747.444,-5.884.617,0,2,0,2,0,Colisión entre vehículos,2,Hormigón,Apto,Seca,Día,NO,"Despejado, Viento",Buena,Funciona,Camioneta/Utilitario
276,55782,2019-10-03,10:40:00,Urbana,Calle,LA RIOJA,1000,SAN MARTIN,-2.746.964,-5.883.830,1,1,0,2,0,Colisión entre vehículos,2,Asfalto,Apto,Seca,Día,NO,Despejado,Buena,Sin Semáforo,Motocicleta
277,55782,2019-10-03,10:40:00,Urbana,Calle,LA RIOJA,1000,SAN MARTIN,-2.746.964,-5.883.830,1,1,0,2,0,Colisión entre vehículos,2,Asfalto,Apto,Seca,Día,NO,Despejado,Buena,Sin Semáforo,Automóvil
278,58523,2019-10-02,11:25:00,Urbana,Avenida,ARMENIA,3900,,-2.746.885,-5.880.171,1,1,0,2,0,Colisión entre vehículos,2,Asfalto,Apto,Seca,Día,NO,Despejado,Buena,Sin Semáforo,Motocicleta
279,58523,2019-10-02,11:25:00,Urbana,Avenida,ARMENIA,3900,,-2.746.885,-5.880.171,1,1,0,2,0,Colisión entre vehículos,2,Asfalto,Apto,Seca,Día,NO,Despejado,Buena,Sin Semáforo,Automóvil
280,67704,2019-10-02,13:50:00,Urbana,Avenida,AV RAFAELA,1800,BONASTRE,-2.749.666,-5.883.059,1,1,0,2,0,Colisión entre vehículos,2,Asfalto,Apto,Seca,Día,NO,Despejado,Buena,Sin Semáforo,Automóvil
281,67704,2019-10-02,13:50:00,Urbana,Avenida,AV RAFAELA,1800,BONASTRE,-2.749.666,-5.883.059,1,1,0,2,0,Colisión entre vehículos,2,Asfalto,Apto,Seca,Día,NO,Despejado,Buena,Sin Semáforo,Motocicleta
282,68738,2019-09-30,02:30:00,Urbana,Calle,Santa fe,600,Quintana,-2.746.419,-5.883.003,2,0,0,2,0,Colisión entre vehículos,2,Asfalto,Apto,Seca,Noche,SI,Despejado,Buena,Sin Semáforo,Automóvil
283,68738,2019-09-30,02:30:00,Urbana,Calle,Santa fe,600,Quintana,-2.746.419,-5.883.003,2,0,0,2,0,Colisión entre vehículos,2,Asfalto,Apto,Seca,Noche,SI,Despejado,Buena,Sin Semáforo,Bicicleta
284,49388,2019-09-30,13:20:00,Urbana,Avenida,AVENIDA 3 DE ABRIL,1000,RIOJA,-2.747.538,-5.883.890,1,1,0,2,0,Colisión entre vehículos,2,Asfalto,Apto,Seca,Día,NO,Despejado,Buena,Funciona,Automóvil
285,49388,2019-09-30,13:20:00,Urbana,Avenida,AVENIDA 3 DE ABRIL,1000,RIOJA,-2.747.538,-5.883.890,1,1,0,2,0,Colisión entre vehículos,2,Asfalto,Apto,Seca,Día,NO,Despejado,Buena,Funciona,Camioneta/Utilitario
286,57117,2019-09-29,01:30:00,Urbana,Avenida,AVENIDA CAZADORES CORRENTINOS,4400,MEDRANO,-2.748.768,-5.879.939,1,2,0,2,0,Colisión entre vehículos,2,Hormigón,Apto,Seca,Noche,SI,Despejado,Buena,Funciona,Transporte de pasajeros
287,57117,2019-09-29,01:30:00,Urbana,Avenida,AVENIDA CAZADORES CORRENTINOS,4400,MEDRANO,-2.748.768,-5.879.939,1,2,0,2,0,Colisión entre vehículos,2,Hormigón,Apto,Seca,Noche,SI,Despejado,Buena,Funciona,Motocicleta
288,52269,2019-09-29,09:20:00,Urbana,Calle,LA RIOJA,1200,BOLIVAR,-2.747.078,-5.883.839,2,0,0,2,0,Colisión entre vehículos,2,Asfalto,Apto,"Despejada, Seca",Día,,Despejado,Buena,Sin Semáforo,Automóvil
289,52269,2019-09-29,09:20:00,Urbana,Calle,LA RIOJA,1200,BOLIVAR,-2.747.078,-5.883.839,2,0,0,2,0,Colisión entre vehículos,2,Asfalto,Apto,"Despejada, Seca",Día,,Despejado,Buena,Sin Semáforo,Automóvil
290,53931,2019-09-28,11:38:00,Urbana,Avenida,3 DE abril,1400,CATAMARCA,-2.747.626,-5.883.389,1,1,0,2,0,Colisión entre vehículos,2,Hormigón,Apto,Despejada,,NO,,,Funciona,Automóvil
291,53931,2019-09-28,11:38:00,Urbana,Avenida,3 DE abril,1400,CATAMARCA,-2.747.626,-5.883.389,1,1,0,2,0,Colisión entre vehículos,2,Hormigón,Apto,Despejada,,NO,,,Funciona,Camioneta/Utilitario
292,49474,2019-09-27,11:45:00,Urbana,Calle,CATAMARCA,1400,BELGRANO,-2.747.233,-5.883.357,2,0,0,2,0,Colisión entre vehículos,2,Hormigón,Apto,Seca,Día,NO,Despejado,Buena,Sin Semáforo,Automóvil
293,49474,2019-09-27,11:45:00,Urbana,Calle,CATAMARCA,1400,BELGRANO,-2.747.233,-5.883.357,2,0,0,2,0,Colisión entre vehículos,2,Hormigón,Apto,Seca,Día,NO,Despejado,Buena,Sin Semáforo,Motocicleta
294,49615,2019-09-27,23:40:00,Urbana,Calle,GUTEMBERG,1700,GRAL PAZ,-2.747.894,-5.883.170,1,1,0,2,0,Colisión entre vehículos,2,Asfalto,Apto,Seca,Noche,SI,Despejado,,Sin Semáforo,Automóvil
295,49615,2019-09-27,23:40:00,Urbana,Calle,GUTEMBERG,1700,GRAL PAZ,-2.747.894,-5.883.170,1,1,0,2,0,Colisión entre vehículos,2,Asfalto,Apto,Seca,Noche,SI,Despejado,,Sin Semáforo,Motocicleta
296,68433,2019-09-27,13:00:00,Urbana,Avenida,Plumerillo,1700,,-2.747.887,-5.882.933,1,1,0,2,0,Colisión entre vehículos,2,Asfalto,Apto,Seca,,NO,Despejado,Buena,Sin Semáforo,Automóvil
297,68433,2019-09-27,13:00:00,Urbana,Avenida,Plumerillo,1700,,-2.747.887,-5.882.933,1,1,0,2,0,Colisión entre vehículos,2,Asfalto,Apto,Seca,,NO,Despejado,Buena,Sin Semáforo,Automóvil
298,49214,2019-09-27,10:15:00,Urbana,Calle,AYACUCHO,2340,,-2.747.015,-5.882.118,2,0,0,2,0,Colisión entre vehículos,2,Hormigón,Apto,Seca,Día,NO,Nublado,Buena,Sin Semáforo,Motocicleta
299,49214,2019-09-27,10:15:00,Urbana,Calle,AYACUCHO,2340,,-2.747.015,-5.882.118,2,0,0,2,0,Colisión entre vehículos,2,Hormigón,Apto,Seca,Día,NO,Nublado,Buena,Sin Semáforo,Camioneta/Utilitario
300,53854,2019-09-26,19:00:00,Urbana,Avenida,AV PEDRO FERRE,2000,,-2.747.714,-5.882.629,2,0,0,2,0,Colisión entre vehículos,2,Asfalto,Apto,,Noche,SI,Despejado,Buena,Sin Semáforo,Automóvil
301,53854,2019-09-26,19:00:00,Urbana,Avenida,AV PEDRO FERRE,2000,,-2.747.714,-5.882.629,2,0,0,2,0,Colisión entre vehículos,2,Asfalto,Apto,,Noche,SI,Despejado,Buena,Sin Semáforo,Transporte de carga
302,53852,2019-09-26,20:15:00,Urbana,Calle,MEDRANO,1100,ESTADO DE ISRAEL,-2.747.606,-5.879.737,1,1,0,2,0,Colisión entre vehículos,2,Hormigón,Apto,Seca,Noche,,Lluvia,Lluvia,Sin Semáforo,Motocicleta
303,53852,2019-09-26,20:15:00,Urbana,Calle,MEDRANO,1100,ESTADO DE ISRAEL,-2.747.606,-5.879.737,1,1,0,2,0,Colisión entre vehículos,2,Hormigón,Apto,Seca,Noche,,Lluvia,Lluvia,Sin Semáforo,Camioneta/Utilitario
304,62898,2019-09-24,14:30:00,Urbana,Calle,JUJUY,1101,SAN MARTIN,-2.747.063,-5.882.817,2,0,0,2,0,Colisión entre vehículos,2,Asfalto,,Seca,Día,NO,Nublado,Buena,Sin Semáforo,Automóvil
305,62898,2019-09-24,14:30:00,Urbana,Calle,JUJUY,1101,SAN MARTIN,-2.747.063,-5.882.817,2,0,0,2,0,Colisión entre vehículos,2,Asfalto,,Seca,Día,NO,Nublado,Buena,Sin Semáforo,Camioneta/Utilitario
306,49232,2019-09-23,18:30:00,Urbana,Calle,ALMIRANTE BROWN,2700,COLOMBIA,-2.747.399,-5.881.747,2,0,0,2,0,Colisión entre vehículos,2,Hormigón,Apto,Seca,Día,,Despejado,Buena,Sin Semáforo,Automóvil
307,49232,2019-09-23,18:30:00,Urbana,Calle,ALMIRANTE BROWN,2700,COLOMBIA,-2.747.399,-5.881.747,2,0,0,2,0,Colisión entre vehículos,2,Hormigón,Apto,Seca,Día,,Despejado,Buena,Sin Semáforo,Automóvil
308,64839,2019-09-22,13:20:00,Urbana,Calle,25 DE mayo,1630,SANTA FE,-2.746.498,-5.882.964,1,1,0,2,0,Colisión entre vehículos,2,Asfalto,Apto,Seca,Día,NO,Despejado,Buena,Sin Semáforo,Automóvil
309,64839,2019-09-22,13:20:00,Urbana,Calle,25 DE mayo,1630,SANTA FE,-2.746.498,-5.882.964,1,1,0,2,0,Colisión entre vehículos,2,Asfalto,Apto,Seca,Día,NO,Despejado,Buena,Sin Semáforo,Motocicleta
310,49481,2019-09-21,19:35:00,Urbana,Calle,MENDOZA,2200,LAMADRID,-2.748.181,-5.883.728,2,0,0,2,0,Colisión entre vehículos,2,Asfalto,Apto,Seca,Atardecer,SI,Lluvia,,Sin Semáforo,Transporte de carga
311,49481,2019-09-21,19:35:00,Urbana,Calle,MENDOZA,2200,LAMADRID,-2.748.181,-5.883.728,2,0,0,2,0,Colisión entre vehículos,2,Asfalto,Apto,Seca,Atardecer,SI,Lluvia,,Sin Semáforo,Motocicleta
312,49302,2019-09-21,14:35:00,Urbana,Avenida,RAUL ALFONSIN,4200,LAS PIEDRAS,-2.747.458,-5.879.948,2,1,0,2,0,Colisión entre vehículos,2,Hormigón,Apto,Seca,Día,NO,Despejado,Buena,Sin Semáforo,Automóvil
313,49302,2019-09-21,14:35:00,Urbana,Avenida,RAUL ALFONSIN,4200,LAS PIEDRAS,-2.747.458,-5.879.948,2,1,0,2,0,Colisión entre vehículos,2,Hormigón,Apto,Seca,Día,NO,Despejado,Buena,Sin Semáforo,Motocicleta
314,49548,2019-09-20,20:30:00,Urbana,Avenida,MAIPU,KILOMETRO 6,,-2.751.432,-5.880.672,1,2,0,3,0,Colisión entre vehículos,3,Asfalto,Apto,Despejada,Noche,SI,Lluvia,Lluvia,Sin Semáforo,Motocicleta
315,49548,2019-09-20,20:30:00,Urbana,Avenida,MAIPU,KILOMETRO 6,,-2.751.432,-5.880.672,1,2,0,3,0,Colisión entre vehículos,3,Asfalto,Apto,Despejada,Noche,SI,Lluvia,Lluvia,Sin Semáforo,Automóvil
316,49548,2019-09-20,20:30:00,Urbana,Avenida,MAIPU,KILOMETRO 6,,-2.751.432,-5.880.672,1,2,0,3,0,Colisión entre vehículos,3,Asfalto,Apto,Despejada,Noche,SI,Lluvia,Lluvia,Sin Semáforo,Motocicleta
317,49378,2019-09-20,09:45:00,Urbana,Calle,ESPAÑA,1700,BOLIVAR,-2.747.166,-5.882.963,2,0,0,2,0,Colisión entre vehículos,2,Asfalto,Apto,Seca,Día,NO,Despejado,Buena,Sin Semáforo,Automóvil
318,49378,2019-09-20,09:45:00,Urbana,Calle,ESPAÑA,1700,BOLIVAR,-2.747.166,-5.882.963,2,0,0,2,0,Colisión entre vehículos,2,Asfalto,Apto,Seca,Día,NO,Despejado,Buena,Sin Semáforo,Automóvil
319,49422,2019-09-20,05:40:00,Urbana,Avenida,AVENIDA CENTENARIO,3800,TACUARI,-2.747.298,-5.880.531,0,3,0,1,0,Caída desde vehículo,1,Asfalto,Apto,Seca,Amanecer,SI,Despejado,Buena,Funciona,Motocicleta