,id_feu,siniestro_fecha,siniestro_hora,zona_ocurrencia,via_publica,nombre_via,altura_km,entre_calle_1,latitud,longitud,ilesos,heridos,fallecidos,vehiculos,peatones,tipo_siniestro_unico,cantidad_de_involucrados,material_de_la_calzada,estado_de_la_calzada,estado_fisico_ambiental,luminosidad,luz_artificial,estado_ambiental,visibilidad,semaforo,tipo_involucrado
426,55001,2019-08-25,06:20:00,Urbana,Calle,LA RIOJA,900,PLACIDO MARTINEZ,-2.746.194,-5.883.745,2,0,0,2,0,Colisión entre vehículos,2,Asfalto,Apto,Seca,Amanecer,NO,Despejado,Buena,Funciona,Automóvil
427,55001,2019-08-25,06:20:00,Urbana,Calle,LA RIOJA,900,PLACIDO MARTINEZ,-2.746.194,-5.883.745,2,0,0,2,0,Colisión entre vehículos,2,Asfalto,Apto,Seca,Amanecer,NO,Despejado,Buena,Funciona,Automóvil
428,49360,2019-08-25,16:45:00,Urbana,Calle,MADARIAGA,800,BLAS PARERA,-2.748.241,-5.884.140,1,1,0,2,0,Colisión entre vehículos,2,Hormigón,Apto,Seca,Día,NO,Despejado,,Sin Semáforo,Motocicleta
429,49360,2019-08-25,16:45:00,Urbana,Calle,MADARIAGA,800,BLAS PARERA,-2.748.241,-5.884.140,1,1,0,2,0,Colisión entre vehículos,2,Hormigón,Apto,Seca,Día,NO,Despejado,,Sin Semáforo,Camioneta/Utilitario
430,49386,2019-08-24,10:00:00,Urbana,Calle,GUTEMBER,1600,GRAL PAZ,-2.747.884,-5.883.170,1,1,0,2,0,Colisión entre vehículos,2,Hormigón,Apto,Seca,Día,NO,Despejado,Buena,Sin Semáforo,Motocicleta
431,49386,2019-08-24,10:00:00,Urbana,Calle,GUTEMBER,1600,GRAL PAZ,-2.747.884,-5.883.170,1,1,0,2,0,Colisión entre vehículos,2,Hormigón,Apto,Seca,Día,NO,Despejado,Buena,Sin Semáforo,Automóvil
432,54493,2019-08-24,22:00:00,Urbana,Avenida,AV TTE IBAÑEZ,1050,JR VIDAL,-2.748.523,-5.883.993,2,0,0,2,0,Colisión entre vehículos,2,Hormigón,Apto,Seca,Noche,SI,Despejado,Buena,Sin Semáforo,Motocicleta
433,54493,2019-08-24,22:00:00,Urbana,Avenida,AV TTE IBAÑEZ,1050,JR VIDAL,-2.748.523,-5.883.993,2,0,0,2,0,Colisión entre vehículos,2,Hormigón,Apto,Seca,Noche,SI,Despejado,Buena,Sin Semáforo,Camioneta/Utilitario
434,49277,2019-08-23,09:50:00,Urbana,Calle,JOSE RAMON VIDAL,1950,,-2.747.984,-5.883.839,0,1,0,1,0,Colisión entre vehículos,1,Asfalto,Apto,Seca,Día,NO,Despejado,Buena,Sin Semáforo,Automóvil
435,49568,2019-08-23,17:00:00,Urbana,Calle,LA RIOJA,1700,LAVALLE,-2.747.680,-5.883.923,2,0,0,2,0,Colisión entre vehículos,2,Hormigón,Apto,Seca,Día,NO,Despejado,Buena,Sin Semáforo,Automóvil
436,49568,2019-08-23,17:00:00,Urbana,Calle,LA RIOJA,1700,LAVALLE,-2.747.680,-5.883.923,2,0,0,2,0,Colisión entre vehículos,2,Hormigón,Apto,Seca,Día,NO,Despejado,Buena,Sin Semáforo,Automóvil
437,57267,2019-08-22,22:40:00,Urbana,Calle,GDOR FELIPE CABRAL,500,GDOR ANTONIO GALLINO,-2.746.240,-5.882.050,1,1,0,2,0,Colisión entre vehículos,2,,Apto,Mojada,Día,NO,Despejado,Buena,Sin Semáforo,Camioneta/Utilitario
438,57267,2019-08-22,22:40:00,Urbana,Calle,GDOR FELIPE CABRAL,500,GDOR ANTONIO GALLINO,-2.746.240,-5.882.050,1,1,0,2,0,Colisión entre vehículos,2,,Apto,Mojada,Día,NO,Despejado,Buena,Sin Semáforo,Motocicleta
439,49551,2019-08-22,16:25:00,Urbana,Calle,URUGUAY,1000,SAN MARTIN,-2.747.092,-5.882.563,1,1,0,2,0,Colisión entre vehículos,2,Hormigón,Apto,"Despejada, Seca",Día,NO,Despejado,Buena,Sin Semáforo,Motocicleta
440,49551,2019-08-22,16:25:00,Urbana,Calle,URUGUAY,1000,SAN MARTIN,-2.747.092,-5.882.563,1,1,0,2,0,Colisión entre vehículos,2,Hormigón,Apto,"Despejada, Seca",Día,NO,Despejado,Buena,Sin Semáforo,Automóvil
441,54943,2019-08-22,07:30:00,Urbana,Calle,RIVADAVIA,1400,PARAGUAY,-2.747.499,-5.883.066,3,0,0,3,0,Colisión entre vehículos,3,Asfalto,Apto,Seca,Día,NO,Despejado,Buena,,Automóvil
442,54943,2019-08-22,07:30:00,Urbana,Calle,RIVADAVIA,1400,PARAGUAY,-2.747.499,-5.883.066,3,0,0,3,0,Colisión entre vehículos,3,Asfalto,Apto,Seca,Día,NO,Despejado,Buena,,Automóvil
443,54943,2019-08-22,07:30:00,Urbana,Calle,RIVADAVIA,1400,PARAGUAY,-2.747.499,-5.883.066,3,0,0,3,0,Colisión entre vehículos,3,Asfalto,Apto,Seca,Día,NO,Despejado,Buena,,Automóvil
444,56438,2019-08-21,00:15:00,Urbana,Calle,3 SARGENTOS,3500,CABEZA DE VACA,-2.749.088,-5.884.367,0,2,0,2,0,Colisión entre vehículos,2,Hormigón,Apto,Seca,Noche,SI,Despejado,Buena,Sin Semáforo,Automóvil
445,56438,2019-08-21,00:15:00,Urbana,Calle,3 SARGENTOS,3500,CABEZA DE VACA,-2.749.088,-5.884.367,0,2,0,2,0,Colisión entre vehículos,2,Hormigón,Apto,Seca,Noche,SI,Despejado,Buena,Sin Semáforo,Motocicleta
446,57110,2019-08-21,09:30:00,Urbana,Calle,LARREA,4100,RESOAGLI,-2.748.989,-5.880.518,1,1,0,2,0,Colisión entre vehículos,2,Hormigón,Apto,Seca,Día,NO,Despejado,Buena,Sin Semáforo,Automóvil
447,57110,2019-08-21,09:30:00,Urbana,Calle,LARREA,4100,RESOAGLI,-2.748.989,-5.880.518,1,1,0,2,0,Colisión entre vehículos,2,Hormigón,Apto,Seca,Día,NO,Despejado,Buena,Sin Semáforo,Motocicleta
448,49379,2019-08-21,22:36:00,Urbana,Calle,TARAGUI,1100,SAN JUAN,-2.749.506,-5.884.110,0,1,0,1,0,Colisión entre vehículos,1,Asfalto,En reparación,,Noche,SI,Despejado,Polvo,Sin Semáforo,Motocicleta
449,49347,2019-08-21,14:20:00,Urbana,Avenida,AVENIDA JUAN PUJOL,2100,PELLEGRINI,-2.746.651,-5.882.286,2,0,0,2,0,Colisión entre vehículos,2,Hormigón,Apto,Mojada,Día,NO,Lluvia,Lluvia,Sin Semáforo,Automóvil
450,49347,2019-08-21,14:20:00,Urbana,Avenida,AVENIDA JUAN PUJOL,2100,PELLEGRINI,-2.746.651,-5.882.286,2,0,0,2,0,Colisión entre vehículos,2,Hormigón,Apto,Mojada,Día,NO,Lluvia,Lluvia,Sin Semáforo,Automóvil
451,67512,2019-08-21,00:48:00,Urbana,Calle,RIVADAVIA,1850,JUJUY,-2.747.521,-5.882.807,2,0,0,2,0,Colisión entre vehículos,2,,Apto,"Despejada, Seca",Noche,SI,Despejado,,Sin Semáforo,Automóvil
452,67512,2019-08-21,00:48:00,Urbana,Calle,RIVADAVIA,1850,JUJUY,-2.747.521,-5.882.807,2,0,0,2,0,Colisión entre vehículos,2,,Apto,"Despejada, Seca",Noche,SI,Despejado,,Sin Semáforo,Automóvil
453,68870,2019-08-21,19:30:00,Urbana,Avenida,AV. ARMENIA,3854,,-2.746.755,-5.880.605,1,1,0,2,0,Colisión entre vehículos,2,Asfalto,Apto,Seca,Atardecer,NO,Despejado,Buena,Sin Semáforo,Automóvil
454,68870,2019-08-21,19:30:00,Urbana,Avenida,AV. ARMENIA,3854,,-2.746.755,-5.880.605,1,1,0,2,0,Colisión entre vehículos,2,Asfalto,Apto,Seca,Atardecer,NO,Despejado,Buena,Sin Semáforo,Motocicleta
455,68827,2019-08-20,20:12:00,Urbana,Avenida,AV. PAYSANDU,0,FORMOSA,,,1,1,0,2,0,,2,Hormigón,Apto,Seca,Atardecer,SI,Despejado,Buena,,Bicicleta
456,68827,2019-08-20,20:12:00,Urbana,Avenida,AV. PAYSANDU,0,FORMOSA,,,1,1,0,2,0,,2,Hormigón,Apto,Seca,Atardecer,SI,Despejado,Buena,,Motocicleta
457,49476,2019-08-20,12:30:00,Urbana,Avenida,AVENIDA 3 DE ABRIL,1600,AVENIDA MAIPU,-2.747.641,-5.883.076,5,1,0,2,0,Colisión entre vehículos,2,Hormigón,Apto,"Despejada, Seca",Día,NO,Despejado,,Sin Semáforo,Motocicleta
458,49476,2019-08-20,12:30:00,Urbana,Avenida,AVENIDA 3 DE ABRIL,1600,AVENIDA MAIPU,-2.747.641,-5.883.076,5,1,0,2,0,Colisión entre vehículos,2,Hormigón,Apto,"Despejada, Seca",Día,NO,Despejado,,Sin Semáforo,Camioneta/Utilitario
459,52270,2019-08-18,10:00:00,Urbana,Calle,VELEZ SARSFIELD,1000,HIPOLITO IRIGOYEN,-2.747.026,-5.882.034,2,1,0,2,0,Colisión entre vehículos,2,Asfalto,Apto,Seca,Día,NO,Despejado,Buena,Sin Semáforo,Automóvil
460,52270,2019-08-18,10:00:00,Urbana,Calle,VELEZ SARSFIELD,1000,HIPOLITO IRIGOYEN,-2.747.026,-5.882.034,2,1,0,2,0,Colisión entre vehículos,2,Asfalto,Apto,Seca,Día,NO,Despejado,Buena,Sin Semáforo,Motocicleta
461,49438,2019-08-18,22:30:00,Urbana,Avenida,AVENIDA VERA,1400,CATAMARCO,-2.746.126,-5.883.238,2,0,0,2,0,Colisión entre vehículos,2,Asfalto,Apto,Seca,,SI,Despejado,Buena,Sin Semáforo,Automóvil
462,49438,2019-08-18,22:30:00,Urbana,Avenida,AVENIDA VERA,1400,CATAMARCO,-2.746.126,-5.883.238,2,0,0,2,0,Colisión entre vehículos,2,Asfalto,Apto,Seca,,SI,Despejado,Buena,Sin Semáforo,Camioneta/Utilitario
463,54370,2019-08-17,09:00:00,Urbana,Avenida,AVENIDA ARMENIA,4500,JOSE INGENIEROS,-2.746.706,-5.879.147,1,1,0,2,0,Colisión entre vehículos,2,Hormigón,Apto,Seca,Día,NO,Despejado,Buena,Sin Semáforo,Automóvil
464,54370,2019-08-17,09:00:00,Urbana,Avenida,AVENIDA ARMENIA,4500,JOSE INGENIEROS,-2.746.706,-5.879.147,1,1,0,2,0,Colisión entre vehículos,2,Hormigón,Apto,Seca,Día,NO,Despejado,Buena,Sin Semáforo,Motocicleta
465,59865,2019-08-16,14:57:00,Urbana,Avenida,ROTONDE LA VIRGEN DE ITATI,5498,AV. INDEPENDENCIA,-2.748.438,-5.878.312,1,1,0,1,0,Caída desde vehículo,1,Hormigón,Apto,,Día,NO,Despejado,,Sin Semáforo,Camioneta/Utilitario
466,49227,2019-08-16,13:15:00,Urbana,Calle,9DE JULIO,2199,AV. PUJOL,-2.746.757,-5.882.128,1,1,0,2,0,Colisión entre vehículos,2,Asfalto,Apto,Seca,Día,NO,Despejado,Buena,Sin Semáforo,Automóvil
467,49227,2019-08-16,13:15:00,Urbana,Calle,9DE JULIO,2199,AV. PUJOL,-2.746.757,-5.882.128,1,1,0,2,0,Colisión entre vehículos,2,Asfalto,Apto,Seca,Día,NO,Despejado,Buena,Sin Semáforo,Motocicleta
468,49467,2019-08-15,17:10:00,Urbana,Avenida,AV TTE IBAÑEZ,500,ENTRE RIOS,-2.748.434,-5.884.695,1,1,0,2,0,Colisión entre vehículos,2,Hormigón,Apto,Seca,Día,NO,Despejado,Buena,Sin Semáforo,Motocicleta
469,49467,2019-08-15,17:10:00,Urbana,Avenida,AV TTE IBAÑEZ,500,ENTRE RIOS,-2.748.434,-5.884.695,1,1,0,2,0,Colisión entre vehículos,2,Hormigón,Apto,Seca,Día,NO,Despejado,Buena,Sin Semáforo,Automóvil
470,53724,2019-08-15,09:00:00,Urbana,Calle,SANTA FE,1000,SAN MARTIN,-2.747.039,-5.883.076,1,1,0,1,1,Atropello a peatón/es,2,Hormigón,Apto,Seca,Día,NO,Despejado,Buena,Funciona,Motocicleta
471,53724,2019-08-15,09:00:00,Urbana,Calle,SANTA FE,1000,SAN MARTIN,-2.747.039,-5.883.076,1,1,0,1,1,Atropello a peatón/es,2,Hormigón,Apto,Seca,Día,NO,Despejado,Buena,Funciona,Peatón
472,62851,2019-08-15,14:50:00,Urbana,Calle,GUTEMBERG,1801,GRAL. PAZ,-2.747.895,-5.883.167,3,0,0,2,0,Colisión entre vehículos,2,Hormigón,Apto,Seca,Día,NO,Despejado,Buena,Sin Semáforo,Automóvil
473,62851,2019-08-15,14:50:00,Urbana,Calle,GUTEMBERG,1801,GRAL. PAZ,-2.747.895,-5.883.167,3,0,0,2,0,Colisión entre vehículos,2,Hormigón,Apto,Seca,Día,NO,Despejado,Buena,Sin Semáforo,Automóvil
474,62872,2019-08-15,11:06:00,Urbana,Calle,SANTA FE,1200,SAN MARTIN,-2.747.043,-5.883.075,2,0,0,2,0,Colisión entre vehículos,2,Hormigón,Apto,,Día,NO,,Buena,Funciona,Camioneta/Utilitario
475,62872,2019-08-15,11:06:00,Urbana,Calle,SANTA FE,1200,SAN MARTIN,-2.747.043,-5.883.075,2,0,0,2,0,Colisión entre vehículos,2,Hormigón,Apto,,Día,NO,,Buena,Funciona,Transporte de pasajeros
476,56519,2019-08-14,18:28:00,Urbana,Avenida,IV CENTENARIO,3100,PATAGONIA,-2.749.076,-5.883.818,0,2,0,2,0,Colisión entre vehículos,2,Hormigón,Apto,Seca,Atardecer,NO,Despejado,Buena,Sin Semáforo,Motocicleta
477,56519,2019-08-14,18:28:00,Urbana,Avenida,IV CENTENARIO,3100,PATAGONIA,-2.749.076,-5.883.818,0,2,0,2,0,Colisión entre vehículos,2,Hormigón,Apto,Seca,Atardecer,NO,Despejado,Buena,Sin Semáforo,Motocicleta
478,55767,2019-08-14,19:15:00,Urbana,Avenida,AVENIDA ARMENIA,3770,JOSE LUIS SCHMIDT,-2.746.824,-5.880.420,2,0,0,2,0,Colisión entre vehículos,2,Hormigón,Apto,Seca,Noche,SI,Despejado,Buena,Sin Semáforo,Automóvil
479,55767,2019-08-14,19:15:00,Urbana,Avenida,AVENIDA ARMENIA,3770,JOSE LUIS SCHMIDT,-2.746.824,-5.880.420,2,0,0,2,0,Colisión entre vehículos,2,Hormigón,Apto,Seca,Noche,SI,Despejado,Buena,Sin Semáforo,Motocicleta
480,49399,2019-08-14,07:30:00,Urbana,Avenida,AV MAIPU,10000,RUTA NACIONAL 12,-2.753.056,-5.876.183,2,0,0,2,0,Colisión entre vehículos,2,Hormigón,Apto,"Despejada, Seca",Día,NO,Despejado,Buena,Sin Semáforo,Motocicleta
481,49399,2019-08-14,07:30:00,Urbana,Avenida,AV MAIPU,10000,RUTA NACIONAL 12,-2.753.056,-5.876.183,2,0,0,2,0,Colisión entre vehículos,2,Hormigón,Apto,"Despejada, Seca",Día,NO,Despejado,Buena,Sin Semáforo,Motocicleta
482,49460,2019-08-14,16:30:00,Urbana,Avenida,AV COSTANERA,200,QUEVEDO,-2.747.073,-5.885.430,0,1,0,1,0,Vuelco (solo 1 participante),1,Hormigón,Apto,"Despejada, Seca",Día,NO,Despejado,Buena,Sin Semáforo,Motocicleta
483,62900,2019-08-14,11:05:00,Urbana,Calle,SUIZA,3200,REPÚBLICA DOMINICANA,-2.747.616,-5.881.068,1,1,0,2,0,Colisión entre vehículos,2,Hormigón,Apto,Seca,Día,NO,Despejado,Buena,Sin Semáforo,Motocicleta
484,62900,2019-08-14,11:05:00,Urbana,Calle,SUIZA,3200,REPÚBLICA DOMINICANA,-2.747.616,-5.881.068,1,1,0,2,0,Colisión entre vehículos,2,Hormigón,Apto,Seca,Día,NO,Despejado,Buena,Sin Semáforo,Automóvil
485,49297,2019-08-14,09:00:00,Urbana,Calle,San Juan,1100,RIVADAVIA,-2.747.434,-5.883.744,1,1,0,2,0,Colisión entre vehículos,2,Hormigón,Apto,,Día,NO,Despejado,Buena,Sin Semáforo,Motocicleta
486,49297,2019-08-14,09:00:00,Urbana,Calle,San Juan,1100,RIVADAVIA,-2.747.434,-5.883.744,1,1,0,2,0,Colisión entre vehículos,2,Hormigón,Apto,,Día,NO,Despejado,Buena,Sin Semáforo,Automóvil
487,49497,2019-08-14,12:40:00,Urbana,Avenida,AV PUJOL,800,VELEZ SARSFIELD,-2.746.847,-5.882.012,0,1,0,1,0,Despiste,1,Hormigón,Apto,Seca,Día,NO,Despejado,Buena,Sin Semáforo,Motocicleta
488,64875,2019-08-13,23:30:00,Urbana,Calle,SICILIA,100,MADRID,-2.745.794,-5.878.643,1,1,0,2,0,Colisión entre vehículos,2,Hormigón,Apto,Seca,Noche,NO,Despejado,Buena,Sin Semáforo,Automóvil
489,64875,2019-08-13,23:30:00,Urbana,Calle,SICILIA,100,MADRID,-2.745.794,-5.878.643,1,1,0,2,0,Colisión entre vehículos,2,Hormigón,Apto,Seca,Noche,NO,Despejado,Buena,Sin Semáforo,Motocicleta
490,54970,2019-08-13,12:10:00,Urbana,Avenida,AVENIDA INDEPENDENCIA,4400,MEDRANO,-2.748.174,-5.879.847,0,2,0,2,0,Colisión entre vehículos,2,Hormigón,Apto,Seca,Día,NO,Despejado,Buena,Funciona,Motocicleta
491,54970,2019-08-13,12:10:00,Urbana,Avenida,AVENIDA INDEPENDENCIA,4400,MEDRANO,-2.748.174,-5.879.847,0,2,0,2,0,Colisión entre vehículos,2,Hormigón,Apto,Seca,Día,NO,Despejado,Buena,Funciona,Automóvil
492,49490,2019-08-13,18:50:00,Urbana,Avenida,AV MAIPU,2500,,-2.750.064,-5.881.359,1,1,0,2,0,Colisión entre vehículos,2,Asfalto,Apto,Seca,Noche,SI,Despejado,Buena,Sin Semáforo,Automóvil
493,49490,2019-08-13,18:50:00,Urbana,Avenida,AV MAIPU,2500,,-2.750.064,-5.881.359,1,1,0,2,0,Colisión entre vehículos,2,Asfalto,Apto,Seca,Noche,SI,Despejado,Buena,Sin Semáforo,Motocicleta
494,62912,2019-08-12,17:10:00,Urbana,Calle,IV CENTENARIO,3500,TARAGUY,-2.749.546,-5.883.812,1,1,0,1,1,Atropello a peatón/es,2,Hormigón,Apto,Seca,Día,NO,Despejado,Buena,Sin Semáforo,Motocicleta
495,62912,2019-08-12,17:10:00,Urbana,Calle,IV CENTENARIO,3500,TARAGUY,-2.749.546,-5.883.812,1,1,0,1,1,Atropello a peatón/es,2,Hormigón,Apto,Seca,Día,NO,Despejado,Buena,Sin Semáforo,Peatón
496,53864,2019-08-12,08:45:00,Urbana,Avenida,AV 3 DE ABRIL,10,COSTANERA,-2.747.329,-5.885.558,1,2,0,2,0,Colisión entre vehículos,2,Asfalto,Apto,Seca,Día,NO,Despejado,Buena,Funciona,Automóvil
497,53864,2019-08-12,08:45:00,Urbana,Avenida,AV 3 DE ABRIL,10,COSTANERA,-2.747.329,-5.885.558,1,2,0,2,0,Colisión entre vehículos,2,Asfalto,Apto,Seca,Día,NO,Despejado,Buena,Funciona,Automóvil
498,54499,2019-08-12,20:35:00,Urbana,Avenida,AV ARTIGAS,1100,BOLIVAR,-2.747.269,-5.881.891,1,1,0,2,0,Colisión entre vehículos,2,Hormigón,Apto,Seca,Noche,SI,Despejado,Buena,Sin Semáforo,Automóvil
499,54499,2019-08-12,20:35:00,Urbana,Avenida,AV ARTIGAS,1100,BOLIVAR,-2.747.269,-5.881.891,1,1,0,2,0,Colisión entre vehículos,2,Hormigón,Apto,Seca,Noche,SI,Despejado,Buena,Sin Semáforo,Motocicleta
500,49383,2019-08-12,17:50:00,Urbana,Avenida,2 DE abril,2000,PATAGONIA,-2.749.200,-5.882.794,2,1,0,2,0,Colisión entre vehículos,2,Hormigón,Apto,Seca,Día,NO,Despejado,Buena,,Automóvil
501,49383,2019-08-12,17:50:00,Urbana,Avenida,2 DE abril,2000,PATAGONIA,-2.749.200,-5.882.794,2,1,0,2,0,Colisión entre vehículos,2,Hormigón,Apto,Seca,Día,NO,Despejado,Buena,,Motocicleta
502,53761,2019-08-12,07:00:00,Rural,Ruta Nacional,12,1035,ACCESO AEREOPUERTO,-2.745.185,-5.875.536,1,1,0,2,0,Colisión entre vehículos,2,Asfalto,Apto,Seca,Día,NO,Nublado,Buena,Sin Semáforo,Automóvil
503,53761,2019-08-12,07:00:00,Rural,Ruta Nacional,12,1035,ACCESO AEREOPUERTO,-2.745.185,-5.875.536,1,1,0,2,0,Colisión entre vehículos,2,Asfalto,Apto,Seca,Día,NO,Nublado,Buena,Sin Semáforo,Motocicleta
504,49213,2019-08-12,00:30:00,Urbana,Calle,MORENO,3294,VELEZ  SARFIELD.,-2.747.479,-5.882.091,1,1,0,2,0,Colisión entre vehículos,2,Hormigón,Apto,Mojada,Noche,,Nublado,Buena,Sin Semáforo,Camioneta/Utilitario
505,49213,2019-08-12,00:30:00,Urbana,Calle,MORENO,3294,VELEZ  SARFIELD.,-2.747.479,-5.882.091,1,1,0,2,0,Colisión entre vehículos,2,Hormigón,Apto,Mojada,Noche,,Nublado,Buena,Sin Semáforo,Motocicleta
506,53853,2019-08-12,08:26:00,Urbana,Calle,9 DE julio,800,ESPAÑA,-2.746.704,-5.882.910,2,0,0,2,0,Colisión entre vehículos,2,Asfalto,Apto,Seca,Día,NO,Despejado,Buena,Sin Semáforo,Camioneta/Utilitario
507,53853,2019-08-12,08:26:00,Urbana,Calle,9 DE julio,800,ESPAÑA,-2.746.704,-5.882.910,2,0,0,2,0,Colisión entre vehículos,2,Asfalto,Apto,Seca,Día,NO,Despejado,Buena,Sin Semáforo,Motocicleta
508,56772,2019-08-11,06:50:00,Urbana,Avenida,AV R. ALFONSIN,4100,NIÑO JESUS,-2.747.410,-5.880.140,0,1,0,1,0,Caída desde vehículo,1,Asfalto,Apto,Seca,Día,NO,Despejado,Buena,Sin Semáforo,Motocicleta
509,57253,2019-08-10,06:20:00,Urbana,Avenida,AVENIDA ARMENIA,3200,MEXICO,-2.746.769,-5.881.406,0,2,0,2,0,Colisión entre vehículos,2,Asfalto,Apto,Mojada,Amanecer,SI,Lluvia,,Sin Semáforo,Motocicleta
510,57253,2019-08-10,06:20:00,Urbana,Avenida,AVENIDA ARMENIA,3200,MEXICO,-2.746.769,-5.881.406,0,2,0,2,0,Colisión entre vehículos,2,Asfalto,Apto,Mojada,Amanecer,SI,Lluvia,,Sin Semáforo,Motocicleta
511,49356,2019-08-10,10:05:00,Urbana,Calle,SAN MARTIN,3000,ESTADOS UNIDOS,-2.747.207,-5.881.436,0,2,0,2,0,Colisión entre vehículos,2,Hormigón,Apto,,Día,NO,Nublado,Buena,Sin Semáforo,Automóvil
512,49356,2019-08-10,10:05:00,Urbana,Calle,SAN MARTIN,3000,ESTADOS UNIDOS,-2.747.207,-5.881.436,0,2,0,2,0,Colisión entre vehículos,2,Hormigón,Apto,,Día,NO,Nublado,Buena,Sin Semáforo,Automóvil
513,62896,2019-08-10,18:20:00,Urbana,Avenida,CHACABUCO,2999,NECOCHEA,-2.748.212,-5.881.546,2,0,0,2,0,Colisión entre vehículos,2,Hormigón,Apto,Seca,Día,NO,Despejado,Buena,Sin Semáforo,Motocicleta
514,62896,2019-08-10,18:20:00,Urbana,Avenida,CHACABUCO,2999,NECOCHEA,-2.748.212,-5.881.546,2,0,0,2,0,Colisión entre vehículos,2,Hormigón,Apto,Seca,Día,NO,Despejado,Buena,Sin Semáforo,Motocicleta
515,52271,2019-08-10,12:44:00,Urbana,Avenida,AV CAZADORES CORRENTINO,3350,JUAN JOSE PASO,-2.748.723,-5.881.208,0,1,0,1,0,Despiste,1,Hormigón,Apto,Despejada,Día,NO,Despejado,Buena,Sin Semáforo,Motocicleta
516,53678,2019-08-10,06:00:00,Urbana,Calle,MISIONES,2800,LAS HERAS,-2.748.279,-5.881.805,0,2,0,2,0,Colisión entre vehículos,2,Hormigón,Apto,,Amanecer,SI,Nublado,Buena,Sin Semáforo,Automóvil
517,53678,2019-08-10,06:00:00,Urbana,Calle,MISIONES,2800,LAS HERAS,-2.748.279,-5.881.805,0,2,0,2,0,Colisión entre vehículos,2,Hormigón,Apto,,Amanecer,SI,Nublado,Buena,Sin Semáforo,Automóvil
518,49456,2019-08-10,17:00:00,Urbana,Avenida,AV TTE IBAÑEZ,1600,GDOR VELAZCO,-2.748.582,-5.883.438,2,0,0,2,0,Colisión entre vehículos,2,Asfalto,Apto,Seca,Día,NO,Nublado,Buena,Sin Semáforo,Automóvil
519,49456,2019-08-10,17:00:00,Urbana,Avenida,AV TTE IBAÑEZ,1600,GDOR VELAZCO,-2.748.582,-5.883.438,2,0,0,2,0,Colisión entre vehículos,2,Asfalto,Apto,Seca,Día,NO,Nublado,Buena,Sin Semáforo,Motocicleta
520,49482,2019-08-08,23:20:00,Urbana,Calle,PARAGUAY,900,JUNIN,-2.746.851,-5.882.663,1,1,0,2,0,Colisión entre vehículos,2,Asfalto,Apto,Seca,Noche,SI,Lluvia,Buena,Sin Semáforo,Automóvil
521,49482,2019-08-08,23:20:00,Urbana,Calle,PARAGUAY,900,JUNIN,-2.746.851,-5.882.663,1,1,0,2,0,Colisión entre vehículos,2,Asfalto,Apto,Seca,Noche,SI,Lluvia,Buena,Sin Semáforo,Motocicleta
522,64884,2019-08-08,10:45:00,Urbana,Avenida,AV 3 DE ABRIL,800,BUENOS AIRES,-2.747.498,-5.884.119,2,0,0,2,0,Choque,2,Hormigón,,,Día,NO,Despejado,Buena,Funciona,Automóvil
523,64884,2019-08-08,10:45:00,Urbana,Avenida,AV 3 DE ABRIL,800,BUENOS AIRES,-2.747.498,-5.884.119,2,0,0,2,0,Choque,2,Hormigón,,,Día,NO,Despejado,Buena,Funciona,Automóvil
524,49210,2019-08-08,11:30:00,Urbana,Avenida,AV ARMENIA,4600,QUINQUELA MARTIN,-2.746.714,-5.879.194,1,1,0,2,0,Colisión entre vehículos,2,Asfalto,Apto,Seca,Día,SI,Despejado,Buena,Sin Semáforo,Motocicleta
525,49210,2019-08-08,11:30:00,Urbana,Avenida,AV ARMENIA,4600,QUINQUELA MARTIN,-2.746.714,-5.879.194,1,1,0,2,0,Colisión entre vehículos,2,Asfalto,Apto,Seca,Día,SI,Despejado,Buena,Sin Semáforo,Bicicleta
526,49341,2019-08-07,19:50:00,Urbana,Ruta Provincial,5,2,,-2.748.817,-5.876.347,1,1,0,2,0,Colisión entre vehículos,2,Asfalto,Apto,Seca,Noche,SI,Despejado,,Sin Semáforo,Automóvil
527,49341,2019-08-07,19:50:00,Urbana,Ruta Provincial,5,2,,-2.748.817,-5.876.347,1,1,0,2,0,Colisión entre vehículos,2,Asfalto,Apto,Seca,Noche,SI,Despejado,,Sin Semáforo,Motocicleta
528,49410,2019-08-07,10:15:00,Urbana,Calle,LA RIOJA,1000,BELGRANO,-2.747.193,-5.883.853,2,1,0,2,0,Colisión entre vehículos,2,Asfalto,Apto,Seca,Día,NO,Nublado,Buena,Sin Semáforo,Motocicleta
529,49410,2019-08-07,10:15:00,Urbana,Calle,LA RIOJA,1000,BELGRANO,-2.747.193,-5.883.853,2,1,0,2,0,Colisión entre vehículos,2,Asfalto,Apto,Seca,Día,NO,Nublado,Buena,Sin Semáforo,Camioneta/Utilitario
530,49505,2019-08-07,09:50:00,Urbana,Avenida,AVENIDA PONCHO VERDE,800,ROTONDA ESPAÑA,-2.746.647,-5.882.174,0,1,0,1,0,Vuelco (solo 1 participante),1,Hormigón,Apto,Mojada,Día,NO,Nublado,Buena,Sin Semáforo,Motocicleta
531,59879,2019-08-07,09:30:00,Urbana,Calle,YRIGOYEN,2000,,-2.746.974,-5.882.547,1,1,0,2,0,Colisión entre vehículos,2,Asfalto,Apto,,,,Despejado,Buena,Sin Semáforo,Motocicleta