,id_feu,siniestro_fecha,siniestro_hora,zona_ocurrencia,via_publica,nombre_via,altura_km,entre_calle_1,latitud,longitud,ilesos,heridos,fallecidos,vehiculos,peatones,tipo_siniestro_unico,cantidad_de_involucrados,material_de_la_calzada,estado_de_la_calzada,estado_fisico_ambiental,luminosidad,luz_artificial,estado_ambiental,visibilidad,semaforo,tipo_involucrado
532,59879,2019-08-07,09:30:00,Urbana,Calle,YRIGOYEN,2000,,-2.746.974,-5.882.547,1,1,0,2,0,Colisión entre vehículos,2,Asfalto,Apto,,,,Despejado,Buena,Sin Semáforo,Automóvil
533,54495,2019-08-07,17:15:00,Urbana,Avenida,AV LA PAZ,2100,VIEDMA,-2.748.845,-5.882.569,1,2,0,2,0,Colisión entre vehículos,2,Asfalto,Apto,Seca,Atardecer,SI,Despejado,Buena,Sin Semáforo,Automóvil
534,54495,2019-08-07,17:15:00,Urbana,Avenida,AV LA PAZ,2100,VIEDMA,-2.748.845,-5.882.569,1,2,0,2,0,Colisión entre vehículos,2,Asfalto,Apto,Seca,Atardecer,SI,Despejado,Buena,Sin Semáforo,Motocicleta
535,64183,2019-08-07,13:00:00,Urbana,Avenida,ARMENIA,4032,LOS TILOS,-2.746.918,-5.880.033,1,1,0,2,0,Colisión entre vehículos,2,Asfalto,Apto,Seca,Día,NO,Despejado,Buena,,Motocicleta
536,64183,2019-08-07,13:00:00,Urbana,Avenida,ARMENIA,4032,LOS TILOS,-2.746.918,-5.880.033,1,1,0,2,0,Colisión entre vehículos,2,Asfalto,Apto,Seca,Día,NO,Despejado,Buena,,Motocicleta
537,49224,2019-08-07,08:24:00,Urbana,Calle,AV CHACABUCO,1700,ÑAEMBE,-2.747.967,-5.881.490,2,0,0,2,0,Colisión entre vehículos,2,Asfalto,Apto,Seca,Día,NO,Despejado,Buena,Sin Semáforo,Automóvil
538,49224,2019-08-07,08:24:00,Urbana,Calle,AV CHACABUCO,1700,ÑAEMBE,-2.747.967,-5.881.490,2,0,0,2,0,Colisión entre vehículos,2,Asfalto,Apto,Seca,Día,NO,Despejado,Buena,Sin Semáforo,Automóvil
539,64878,2019-08-07,09:00:00,Urbana,Calle,BOLIVAR,1680,PARAGUAY,-2.747.188,-5.882.691,2,0,0,2,0,Colisión entre vehículos,2,Hormigón,Apto,Seca,Día,NO,Despejado,Buena,Sin Semáforo,Automóvil
540,64878,2019-08-07,09:00:00,Urbana,Calle,BOLIVAR,1680,PARAGUAY,-2.747.188,-5.882.691,2,0,0,2,0,Colisión entre vehículos,2,Hormigón,Apto,Seca,Día,NO,Despejado,Buena,Sin Semáforo,Camioneta/Utilitario
541,67485,2019-08-06,23:20:00,Urbana,Avenida,AV GDOR RUIZ,2879,,-2.746.749,-5.881.324,1,1,0,2,0,Colisión entre vehículos,2,Asfalto,Apto,Seca,Noche,SI,Despejado,Buena,Funciona,Automóvil
542,67485,2019-08-06,23:20:00,Urbana,Avenida,AV GDOR RUIZ,2879,,-2.746.749,-5.881.324,1,1,0,2,0,Colisión entre vehículos,2,Asfalto,Apto,Seca,Noche,SI,Despejado,Buena,Funciona,Camioneta/Utilitario
543,49202,2019-08-06,11:30:00,Urbana,Calle,LA RIOJA,500,25 DE mayo,-2.746.410,-5.883.776,1,1,0,2,0,Colisión entre vehículos,2,Asfalto,Apto,Seca,Día,NO,,Buena,Sin Semáforo,Camioneta/Utilitario
544,49202,2019-08-06,11:30:00,Urbana,Calle,LA RIOJA,500,25 DE mayo,-2.746.410,-5.883.776,1,1,0,2,0,Colisión entre vehículos,2,Asfalto,Apto,Seca,Día,NO,,Buena,Sin Semáforo,Motocicleta
545,49552,2019-08-06,19:30:00,Urbana,Calle,BRASIL,1080,,-2.747.074,-5.882.440,1,1,0,2,0,Colisión entre vehículos,2,Asfalto,Apto,Seca,Noche,SI,Despejado,Buena,Sin Semáforo,Automóvil
546,49552,2019-08-06,19:30:00,Urbana,Calle,BRASIL,1080,,-2.747.074,-5.882.440,1,1,0,2,0,Colisión entre vehículos,2,Asfalto,Apto,Seca,Noche,SI,Despejado,Buena,Sin Semáforo,Motocicleta
547,56640,2019-08-05,10:00:00,Urbana,Avenida,AVENIDA 3 DE ABRIL,1280,CORDOBA,-2.747.603,-5.883.552,0,2,0,1,1,Atropello a peatón/es,2,Hormigón,Apto,Seca,Día,NO,Despejado,Buena,Funciona,Automóvil
548,56640,2019-08-05,10:00:00,Urbana,Avenida,AVENIDA 3 DE ABRIL,1280,CORDOBA,-2.747.603,-5.883.552,0,2,0,1,1,Atropello a peatón/es,2,Hormigón,Apto,Seca,Día,NO,Despejado,Buena,Funciona,Peatón
549,49250,2019-08-05,12:45:00,Urbana,Avenida,AV LIBERTAD,5100,LAPRIDA,-2.746.599,-5.878.740,1,1,0,2,0,Colisión entre vehículos,2,Asfalto,Apto,"Despejada, Seca",Día,NO,Despejado,Buena,Funciona,Automóvil
550,49250,2019-08-05,12:45:00,Urbana,Avenida,AV LIBERTAD,5100,LAPRIDA,-2.746.599,-5.878.740,1,1,0,2,0,Colisión entre vehículos,2,Asfalto,Apto,"Despejada, Seca",Día,NO,Despejado,Buena,Funciona,Motocicleta
551,49351,2019-08-05,13:35:00,Urbana,Calle,CARLOS PELLEGRINI,400,ENTRE RIOS,-2.746.468,-5.884.419,2,0,0,2,0,Colisión entre vehículos,2,Asfalto,Apto,Seca,Día,NO,Despejado,Buena,Sin Semáforo,Automóvil
552,49351,2019-08-05,13:35:00,Urbana,Calle,CARLOS PELLEGRINI,400,ENTRE RIOS,-2.746.468,-5.884.419,2,0,0,2,0,Colisión entre vehículos,2,Asfalto,Apto,Seca,Día,NO,Despejado,Buena,Sin Semáforo,Camioneta/Utilitario
553,58988,2019-08-05,19:20:00,Urbana,Calle,GDOR. PUJOL,1850,PARAGUAY,-2.746.324,-5.882.667,3,0,0,3,0,Colisión entre vehículos,3,Hormigón,Apto,Seca,Día,NO,Despejado,Buena,Sin Semáforo,Automóvil
554,58988,2019-08-05,19:20:00,Urbana,Calle,GDOR. PUJOL,1850,PARAGUAY,-2.746.324,-5.882.667,3,0,0,3,0,Colisión entre vehículos,3,Hormigón,Apto,Seca,Día,NO,Despejado,Buena,Sin Semáforo,Automóvil
555,58988,2019-08-05,19:20:00,Urbana,Calle,GDOR. PUJOL,1850,PARAGUAY,-2.746.324,-5.882.667,3,0,0,3,0,Colisión entre vehículos,3,Hormigón,Apto,Seca,Día,NO,Despejado,Buena,Sin Semáforo,Automóvil
556,68872,2019-08-05,01:30:00,Urbana,Calle,MENDOZA,1.600,LAVALLE,-2.748.421,-5.883.719,1,1,0,2,0,Colisión entre vehículos,2,Hormigón,Apto,"Despejada, Seca",Noche,SI,Nublado,Buena,Sin Semáforo,Automóvil
557,68872,2019-08-05,01:30:00,Urbana,Calle,MENDOZA,1.600,LAVALLE,-2.748.421,-5.883.719,1,1,0,2,0,Colisión entre vehículos,2,Hormigón,Apto,"Despejada, Seca",Noche,SI,Nublado,Buena,Sin Semáforo,Motocicleta
558,49211,2019-08-04,06:00:00,Urbana,Ruta Provincial,RUTA PROVINCIAL N° 5,400,,-2.748.478,-5.877.690,0,1,0,1,0,Caída desde vehículo,1,Asfalto,Apto,"Despejada, Seca",Día,,Despejado,Buena,Sin Semáforo,Motocicleta
559,49520,2019-08-03,10:40:00,Urbana,Avenida,AVENIDA PUJOL,800,AVENIDA GDOR RUIZ,-2.746.645,-5.882.196,1,1,0,2,0,Colisión entre vehículos,2,Asfalto,Apto,Seca,Día,NO,Despejado,Buena,Sin Semáforo,Automóvil
560,49520,2019-08-03,10:40:00,Urbana,Avenida,AVENIDA PUJOL,800,AVENIDA GDOR RUIZ,-2.746.645,-5.882.196,1,1,0,2,0,Colisión entre vehículos,2,Asfalto,Apto,Seca,Día,NO,Despejado,Buena,Sin Semáforo,Motocicleta
561,49553,2019-08-03,09:50:00,Urbana,Calle,YOFRE,2700,LOS CONDORES,-2.750.159,-5.881.205,1,2,0,2,0,Colisión entre vehículos,2,Hormigón,Apto,Seca,Día,NO,Despejado,Buena,Sin Semáforo,Motocicleta
562,49553,2019-08-03,09:50:00,Urbana,Calle,YOFRE,2700,LOS CONDORES,-2.750.159,-5.881.205,1,2,0,2,0,Colisión entre vehículos,2,Hormigón,Apto,Seca,Día,NO,Despejado,Buena,Sin Semáforo,Camioneta/Utilitario
563,58540,2019-08-03,14:37:00,Urbana,Avenida,ARMENIA,4798,,-2.746.693,-5.879.077,1,1,0,2,0,Colisión entre vehículos,2,Asfalto,Apto,Seca,Día,NO,Despejado,,Sin Semáforo,Automóvil
564,58540,2019-08-03,14:37:00,Urbana,Avenida,ARMENIA,4798,,-2.746.693,-5.879.077,1,1,0,2,0,Colisión entre vehículos,2,Asfalto,Apto,Seca,Día,NO,Despejado,,Sin Semáforo,Motocicleta
565,58992,2019-08-03,08:30:00,Urbana,Avenida,ARMENIA,3000,,-2.746.746,-5.881.183,1,1,0,2,0,Colisión entre vehículos,2,Asfalto,Apto,Seca,Día,NO,Despejado,Buena,Funciona,Motocicleta
566,58992,2019-08-03,08:30:00,Urbana,Avenida,ARMENIA,3000,,-2.746.746,-5.881.183,1,1,0,2,0,Colisión entre vehículos,2,Asfalto,Apto,Seca,Día,NO,Despejado,Buena,Funciona,Motocicleta
567,49268,2019-08-03,18:27:00,Urbana,Calle,F J DE LA QUINTANA,1641,,-2.746.359,-5.882.951,3,0,0,3,0,Colisión entre vehículos,3,Asfalto,,Seca,Atardecer,NO,Despejado,Buena,Sin Semáforo,Automóvil
568,49268,2019-08-03,18:27:00,Urbana,Calle,F J DE LA QUINTANA,1641,,-2.746.359,-5.882.951,3,0,0,3,0,Colisión entre vehículos,3,Asfalto,,Seca,Atardecer,NO,Despejado,Buena,Sin Semáforo,Automóvil
569,49268,2019-08-03,18:27:00,Urbana,Calle,F J DE LA QUINTANA,1641,,-2.746.359,-5.882.951,3,0,0,3,0,Colisión entre vehículos,3,Asfalto,,Seca,Atardecer,NO,Despejado,Buena,Sin Semáforo,Automóvil
570,49599,2019-08-01,09:20:00,Urbana,Calle,MADARIAGA,800,GOBERNADOR CASTILLO,-2.748.234,-5.884.270,0,2,0,2,0,Colisión entre vehículos,2,Tierra,Baches,Seca,Día,NO,Despejado,Buena,Sin Semáforo,Motocicleta
571,49599,2019-08-01,09:20:00,Urbana,Calle,MADARIAGA,800,GOBERNADOR CASTILLO,-2.748.234,-5.884.270,0,2,0,2,0,Colisión entre vehículos,2,Tierra,Baches,Seca,Día,NO,Despejado,Buena,Sin Semáforo,Motocicleta
572,53785,2019-08-01,23:45:00,Urbana,Avenida,AVENIDA CHACABUCO,2100,LAMADRID,-2.748.406,-5.881.591,1,1,0,2,0,Colisión entre vehículos,2,Hormigón,Apto,Mojada,Noche,SI,Lluvia,Lluvia,Sin Semáforo,Automóvil
573,53785,2019-08-01,23:45:00,Urbana,Avenida,AVENIDA CHACABUCO,2100,LAMADRID,-2.748.406,-5.881.591,1,1,0,2,0,Colisión entre vehículos,2,Hormigón,Apto,Mojada,Noche,SI,Lluvia,Lluvia,Sin Semáforo,Motocicleta
574,49335,2019-07-30,09:30:00,Urbana,Calle,JUNIN,1990,,-2.746.870,-5.882.555,2,0,0,2,0,Colisión entre vehículos,2,Asfalto,Apto,,Día,NO,Despejado,Buena,Sin Semáforo,Automóvil
575,49335,2019-07-30,09:30:00,Urbana,Calle,JUNIN,1990,,-2.746.870,-5.882.555,2,0,0,2,0,Colisión entre vehículos,2,Asfalto,Apto,,Día,NO,Despejado,Buena,Sin Semáforo,Automóvil
576,49496,2019-07-29,08:15:00,Urbana,Avenida,AV 3 DE ABRIL,100,BAJADA DEL PUENTE,-2.747.426,-5.884.979,1,0,0,1,0,Vuelco (solo 1 participante),1,Hormigón,Apto,Seca,Día,SI,Despejado,Buena,Sin Semáforo,Transporte de carga
577,49472,2019-07-26,08:10:00,Urbana,Avenida,AVENIDA MAIPU,1700,ASUNCION,-2.749.118,-5.881.981,1,1,0,2,0,Colisión entre vehículos,2,Asfalto,Apto,Seca,Día,NO,Despejado,Buena,Funciona,Automóvil
578,49472,2019-07-26,08:10:00,Urbana,Avenida,AVENIDA MAIPU,1700,ASUNCION,-2.749.118,-5.881.981,1,1,0,2,0,Colisión entre vehículos,2,Asfalto,Apto,Seca,Día,NO,Despejado,Buena,Funciona,Motocicleta
579,67697,2019-07-26,08:40:00,Urbana,Calle,25 DE mayo,1400,CATAMARCA,-2.746.463,-5.883.270,2,1,0,2,0,Colisión entre vehículos,2,,Apto,Seca,Día,NO,Despejado,Buena,Sin Semáforo,Automóvil
580,67697,2019-07-26,08:40:00,Urbana,Calle,25 DE mayo,1400,CATAMARCA,-2.746.463,-5.883.270,2,1,0,2,0,Colisión entre vehículos,2,,Apto,Seca,Día,NO,Despejado,Buena,Sin Semáforo,Motocicleta
581,49549,2019-07-25,15:20:00,Urbana,Calle,MEDRANO,1900,NECOCHEA,-2.748.431,-5.879.892,1,2,0,2,0,Colisión entre vehículos,2,Hormigón,Apto,Seca,Día,NO,Nublado,Buena,Sin Semáforo,Automóvil
582,49549,2019-07-25,15:20:00,Urbana,Calle,MEDRANO,1900,NECOCHEA,-2.748.431,-5.879.892,1,2,0,2,0,Colisión entre vehículos,2,Hormigón,Apto,Seca,Día,NO,Nublado,Buena,Sin Semáforo,Motocicleta
583,53873,2019-07-25,11:15:00,Urbana,Avenida,AVENIDA PRESIDENTE PERON,5900,TRENTO,-2.749.038,-5.878.012,2,0,0,2,0,Colisión entre vehículos,2,Hormigón,Apto,Seca,Día,NO,Despejado,Buena,Sin Semáforo,Automóvil
584,53873,2019-07-25,11:15:00,Urbana,Avenida,AVENIDA PRESIDENTE PERON,5900,TRENTO,-2.749.038,-5.878.012,2,0,0,2,0,Colisión entre vehículos,2,Hormigón,Apto,Seca,Día,NO,Despejado,Buena,Sin Semáforo,Motocicleta
585,68787,2019-07-24,19:30:00,Urbana,Calle,9 DE julio,1900,URUGUAY,,,1,1,0,2,0,Colisión entre vehículos,2,Asfalto,Apto,Seca,Atardecer,NO,Despejado,Buena,Sin Semáforo,Automóvil
586,68787,2019-07-24,19:30:00,Urbana,Calle,9 DE julio,1900,URUGUAY,,,1,1,0,2,0,Colisión entre vehículos,2,Asfalto,Apto,Seca,Atardecer,NO,Despejado,Buena,Sin Semáforo,Bicicleta
587,49215,2019-07-24,09:40:00,Urbana,Calle,ESPAÑA,700,9 DE julio,-2.746.698,-5.882.913,1,1,0,2,0,Colisión entre vehículos,2,Asfalto,Apto,Seca,Día,NO,Despejado,Buena,Sin Semáforo,Automóvil
588,49215,2019-07-24,09:40:00,Urbana,Calle,ESPAÑA,700,9 DE julio,-2.746.698,-5.882.913,1,1,0,2,0,Colisión entre vehículos,2,Asfalto,Apto,Seca,Día,NO,Despejado,Buena,Sin Semáforo,Motocicleta
589,49231,2019-07-24,15:00:00,Urbana,Avenida,RAUL ALFONSIN,4800,,-2.747.621,-5.879.252,2,1,0,3,0,Colisión entre vehículos,3,Hormigón,Apto,Seca,Día,NO,Despejado,Buena,Sin Semáforo,Automóvil
590,49231,2019-07-24,15:00:00,Urbana,Avenida,RAUL ALFONSIN,4800,,-2.747.621,-5.879.252,2,1,0,3,0,Colisión entre vehículos,3,Hormigón,Apto,Seca,Día,NO,Despejado,Buena,Sin Semáforo,Motocicleta
591,49231,2019-07-24,15:00:00,Urbana,Avenida,RAUL ALFONSIN,4800,,-2.747.621,-5.879.252,2,1,0,3,0,Colisión entre vehículos,3,Hormigón,Apto,Seca,Día,NO,Despejado,Buena,Sin Semáforo,Automóvil
592,49286,2019-07-23,07:15:00,Urbana,Avenida,AV PUJOL,2200,JUAN PAMPIN,-2.746.634,-5.882.202,1,1,0,2,0,Colisión entre vehículos,2,Asfalto,Apto,Seca,Día,NO,Despejado,Buena,Sin Semáforo,Automóvil
593,49286,2019-07-23,07:15:00,Urbana,Avenida,AV PUJOL,2200,JUAN PAMPIN,-2.746.634,-5.882.202,1,1,0,2,0,Colisión entre vehículos,2,Asfalto,Apto,Seca,Día,NO,Despejado,Buena,Sin Semáforo,Motocicleta
594,49296,2019-07-23,09:00:00,Urbana,Avenida,MAIPU,1500,NUESTRA SEÑORA DE LA ASUNCION,-2.749.124,-5.881.985,0,2,0,1,0,Despiste,1,Asfalto,Apto,"Despejada, Seca",Día,NO,Despejado,Buena,Funciona,Motocicleta
595,49358,2019-07-22,02:35:00,Urbana,Avenida,AVENIDA ARTIGAS,1200,BELGRANO,-2.747.382,-5.881.908,1,1,0,2,0,Colisión entre vehículos,2,Asfalto,Apto,,Noche,SI,Despejado,Buena,Intermitente,Motocicleta
596,49358,2019-07-22,02:35:00,Urbana,Avenida,AVENIDA ARTIGAS,1200,BELGRANO,-2.747.382,-5.881.908,1,1,0,2,0,Colisión entre vehículos,2,Asfalto,Apto,,Noche,SI,Despejado,Buena,Intermitente,Automóvil
597,64181,2019-07-22,15:50:00,Urbana,Avenida,TRES DE ABRIL,500,ENTRE RIOS,-2.747.467,-5.884.479,2,1,0,2,0,Colisión entre vehículos,2,Hormigón,Apto,Seca,Día,NO,Despejado,Buena,Funciona,Automóvil
598,64181,2019-07-22,15:50:00,Urbana,Avenida,TRES DE ABRIL,500,ENTRE RIOS,-2.747.467,-5.884.479,2,1,0,2,0,Colisión entre vehículos,2,Hormigón,Apto,Seca,Día,NO,Despejado,Buena,Funciona,Camioneta/Utilitario
599,49417,2019-07-21,15:20:00,Urbana,Avenida,AVENIDA CHACABUCO,2100,,-2.748.299,-5.881.557,0,1,0,1,0,Caída desde vehículo,1,Asfalto,Apto,"Despejada, Seca",Día,NO,Despejado,Buena,No Funciona,Motocicleta
600,49369,2019-07-21,23:30:00,Urbana,Avenida,AV RAUL RICARDO ALFONSIN,4800,,-2.747.611,-5.879.246,0,1,0,1,0,Despiste,1,Hormigón,Apto,Seca,Noche,NO,Despejado,,Sin Semáforo,Motocicleta
601,49606,2019-07-20,23:00:00,Urbana,Avenida,AV CHACABUCO,1600,AV FERRE BANDA SUR,-2.747.864,-5.881.480,0,1,0,1,0,Colisión entre vehículos,1,Asfalto,Apto,Seca,Noche,SI,Despejado,Buena,Sin Semáforo,Motocicleta
602,53206,2019-07-19,20:15:00,Urbana,Avenida,AVENIDA TENIENTE IBAÑEZ,1900,,-2.748.440,-5.882.926,1,1,0,2,0,Colisión entre vehículos,2,Hormigón,Apto,Seca,Noche,SI,Despejado,Buena,Sin Semáforo,Automóvil
603,53206,2019-07-19,20:15:00,Urbana,Avenida,AVENIDA TENIENTE IBAÑEZ,1900,,-2.748.440,-5.882.926,1,1,0,2,0,Colisión entre vehículos,2,Hormigón,Apto,Seca,Noche,SI,Despejado,Buena,Sin Semáforo,Motocicleta
604,64882,2019-07-19,10:30:00,Urbana,Avenida,AV 3 DE ABRIL,800,BUENOS AIRES,-2.747.503,-5.884.115,0,1,0,1,0,Vuelco (solo 1 participante),1,Hormigón,Apto,Seca,Día,NO,Despejado,Buena,Sin Semáforo,Motocicleta
605,49345,2019-07-19,17:00:00,Urbana,Calle,PLACIDO MARTINEZ,900,,-2.746.183,-5.883.873,2,1,0,3,0,Colisión entre vehículos,3,Hormigón,Apto,"Despejada, Seca",Día,NO,Despejado,Buena,Funciona,Automóvil
606,49345,2019-07-19,17:00:00,Urbana,Calle,PLACIDO MARTINEZ,900,,-2.746.183,-5.883.873,2,1,0,3,0,Colisión entre vehículos,3,Hormigón,Apto,"Despejada, Seca",Día,NO,Despejado,Buena,Funciona,Automóvil
607,49345,2019-07-19,17:00:00,Urbana,Calle,PLACIDO MARTINEZ,900,,-2.746.183,-5.883.873,2,1,0,3,0,Colisión entre vehículos,3,Hormigón,Apto,"Despejada, Seca",Día,NO,Despejado,Buena,Funciona,Automóvil
608,49605,2019-07-19,10:40:00,Urbana,Calle,YRIGOYEN,2500,ITUZAINGO,-2.747.038,-5.881.900,1,2,0,2,0,Colisión entre vehículos,2,Asfalto,Apto,Mojada,,NO,Lluvia,Lluvia,Sin Semáforo,Motocicleta
609,49605,2019-07-19,10:40:00,Urbana,Calle,YRIGOYEN,2500,ITUZAINGO,-2.747.038,-5.881.900,1,2,0,2,0,Colisión entre vehículos,2,Asfalto,Apto,Mojada,,NO,Lluvia,Lluvia,Sin Semáforo,Automóvil
610,49535,2019-07-17,12:10:00,Urbana,Calle,ESPAÑA,|1200,BOLIVAR,-2.747.161,-5.882.962,2,0,0,2,0,Colisión entre vehículos,2,Asfalto,Apto,Mojada,Día,NO,Lluvia,Lluvia,Sin Semáforo,Transporte de pasajeros
611,49535,2019-07-17,12:10:00,Urbana,Calle,ESPAÑA,|1200,BOLIVAR,-2.747.161,-5.882.962,2,0,0,2,0,Colisión entre vehículos,2,Asfalto,Apto,Mojada,Día,NO,Lluvia,Lluvia,Sin Semáforo,Automóvil
612,54594,2019-07-15,12:15:00,Urbana,Calle,SAN LORENZO,1100,BOLIVAR,-2.747.136,-5.883.216,1,2,0,2,0,Colisión entre vehículos,2,Asfalto,Apto,Seca,Día,NO,Despejado,Buena,Sin Semáforo,Motocicleta
613,54594,2019-07-15,12:15:00,Urbana,Calle,SAN LORENZO,1100,BOLIVAR,-2.747.136,-5.883.216,1,2,0,2,0,Colisión entre vehículos,2,Asfalto,Apto,Seca,Día,NO,Despejado,Buena,Sin Semáforo,Automóvil
614,55800,2019-07-15,08:00:00,Urbana,Avenida,AVENIDA MAIPU,2900,TILCARA,-2.750.201,-5.881.278,1,1,0,2,0,Colisión entre vehículos,2,Hormigón,Apto,Seca,Día,NO,Despejado,Buena,Sin Semáforo,Camioneta/Utilitario
615,55800,2019-07-15,08:00:00,Urbana,Avenida,AVENIDA MAIPU,2900,TILCARA,-2.750.201,-5.881.278,1,1,0,2,0,Colisión entre vehículos,2,Hormigón,Apto,Seca,Día,NO,Despejado,Buena,Sin Semáforo,Motocicleta
616,49282,2019-07-15,08:00:00,Urbana,Avenida,AV PUJOL,1800,JUJUY,-2.746.291,-5.882.729,3,0,0,3,0,Colisión entre vehículos,3,Asfalto,Apto,Mojada,Día,NO,Nublado,Buena,Funciona,Automóvil
617,49282,2019-07-15,08:00:00,Urbana,Avenida,AV PUJOL,1800,JUJUY,-2.746.291,-5.882.729,3,0,0,3,0,Colisión entre vehículos,3,Asfalto,Apto,Mojada,Día,NO,Nublado,Buena,Funciona,Automóvil
618,49282,2019-07-15,08:00:00,Urbana,Avenida,AV PUJOL,1800,JUJUY,-2.746.291,-5.882.729,3,0,0,3,0,Colisión entre vehículos,3,Asfalto,Apto,Mojada,Día,NO,Nublado,Buena,Funciona,Automóvil
619,67510,2019-07-14,09:10:00,Urbana,Avenida,AV ARMENIA,4500,MARCOS SASTRE,-2.746.758,-5.879.401,2,0,0,2,0,Colisión entre vehículos,2,Asfalto,Apto,"Despejada, Seca",Día,NO,Despejado,,Sin Semáforo,Automóvil
620,67510,2019-07-14,09:10:00,Urbana,Avenida,AV ARMENIA,4500,MARCOS SASTRE,-2.746.758,-5.879.401,2,0,0,2,0,Colisión entre vehículos,2,Asfalto,Apto,"Despejada, Seca",Día,NO,Despejado,,Sin Semáforo,Motocicleta
621,68772,2019-07-14,07:32:00,Urbana,Avenida,INDEPENDENCIA,4858,PEDRO ARAOZ,-2.748.324,-5.879.250,2,0,0,2,0,Colisión entre vehículos,2,Hormigón,Apto,Seca,Amanecer,NO,Despejado,,Sin Semáforo,Automóvil
622,68772,2019-07-14,07:32:00,Urbana,Avenida,INDEPENDENCIA,4858,PEDRO ARAOZ,-2.748.324,-5.879.250,2,0,0,2,0,Colisión entre vehículos,2,Hormigón,Apto,Seca,Amanecer,NO,Despejado,,Sin Semáforo,Motocicleta
623,49307,2019-07-14,16:45:00,Urbana,Calle,AV MAIPU,1900,NUESTRA SEÑORA DE ASUNCION,-2.749.120,-5.881.977,2,0,0,1,0,Colisión entre vehículos,1,Hormigón,Apto,"Despejada, Seca",Día,NO,Nublado,Buena,Funciona,Motocicleta
624,54768,2019-07-14,14:00:00,Urbana,Calle,GOBERNADOR MARTINEZ,2800,COLOMBIA,-2.746.925,-5.881.647,3,1,0,2,0,Colisión entre vehículos,2,Hormigón,Apto,Seca,Día,NO,Despejado,Buena,Sin Semáforo,Motocicleta
625,54768,2019-07-14,14:00:00,Urbana,Calle,GOBERNADOR MARTINEZ,2800,COLOMBIA,-2.746.925,-5.881.647,3,1,0,2,0,Colisión entre vehículos,2,Hormigón,Apto,Seca,Día,NO,Despejado,Buena,Sin Semáforo,Automóvil
626,57102,2019-07-13,10:05:00,Urbana,Avenida,RAFAELA,3100,EL MAESTRO,-2.749.723,-5.882.720,1,1,0,2,0,Colisión entre vehículos,2,Hormigón,Apto,Seca,Día,NO,Despejado,Buena,Sin Semáforo,Motocicleta
627,57102,2019-07-13,10:05:00,Urbana,Avenida,RAFAELA,3100,EL MAESTRO,-2.749.723,-5.882.720,1,1,0,2,0,Colisión entre vehículos,2,Hormigón,Apto,Seca,Día,NO,Despejado,Buena,Sin Semáforo,Motocicleta
628,49305,2019-07-13,09:15:00,Urbana,Avenida,AV PUJOL,1700,AV VERA,-2.746.140,-5.882.908,2,0,0,2,0,Colisión entre vehículos,2,Hormigón,Apto,Seca,Día,NO,Despejado,Buena,Sin Semáforo,Motocicleta
629,49305,2019-07-13,09:15:00,Urbana,Avenida,AV PUJOL,1700,AV VERA,-2.746.140,-5.882.908,2,0,0,2,0,Colisión entre vehículos,2,Hormigón,Apto,Seca,Día,NO,Despejado,Buena,Sin Semáforo,Automóvil
630,49455,2019-07-13,07:30:00,Urbana,Avenida,AV ARTIGAS,1100,BOLIVAR,-2.747.160,-5.881.863,2,0,0,2,0,Colisión entre vehículos,2,Hormigón,Apto,,Amanecer,NO,Despejado,,Sin Semáforo,Automóvil
631,49455,2019-07-13,07:30:00,Urbana,Avenida,AV ARTIGAS,1100,BOLIVAR,-2.747.160,-5.881.863,2,0,0,2,0,Colisión entre vehículos,2,Hormigón,Apto,,Amanecer,NO,Despejado,,Sin Semáforo,Automóvil
632,49252,2019-07-13,07:00:00,Urbana,Avenida,AV. FERRE,1700,ESPAÑA,-2.747.657,-5.883.019,1,1,0,2,0,Colisión entre vehículos,2,Hormigón,Apto,Seca,Día,NO,Despejado,Buena,Funciona,Automóvil
633,49252,2019-07-13,07:00:00,Urbana,Avenida,AV. FERRE,1700,ESPAÑA,-2.747.657,-5.883.019,1,1,0,2,0,Colisión entre vehículos,2,Hormigón,Apto,Seca,Día,NO,Despejado,Buena,Funciona,Motocicleta
634,49586,2019-07-12,07:40:00,Urbana,Calle,H YRIGOYEN,2495,ITUZAINGO,-2.747.037,-5.881.901,2,0,0,2,0,Colisión entre vehículos,2,Asfalto,Apto,Seca,Día,NO,Despejado,Buena,Sin Semáforo,Automóvil
635,49586,2019-07-12,07:40:00,Urbana,Calle,H YRIGOYEN,2495,ITUZAINGO,-2.747.037,-5.881.901,2,0,0,2,0,Colisión entre vehículos,2,Asfalto,Apto,Seca,Día,NO,Despejado,Buena,Sin Semáforo,Automóvil
636,59870,2019-07-11,06:15:00,Urbana,Avenida,PAISANDU,2200,COSQUIN,-2.749.472,-5.882.472,1,0,0,1,0,Choque,1,Hormigón,Apto,Seca,Día,NO,Despejado,Buena,Sin Semáforo,Automóvil
637,49325,2019-07-11,00:20:00,Urbana,Avenida,AVENIDA PATAGONIA,4200,MATIAS PIPET,-2.749.154,-5.883.244,1,1,0,2,0,Colisión entre vehículos,2,,Apto,Seca,Noche,,Despejado,Buena,Sin Semáforo,Automóvil