,id_feu,siniestro_fecha,siniestro_hora,zona_ocurrencia,via_publica,nombre_via,altura_km,entre_calle_1,latitud,longitud,ilesos,heridos,fallecidos,vehiculos,peatones,tipo_siniestro_unico,cantidad_de_involucrados,material_de_la_calzada,estado_de_la_calzada,estado_fisico_ambiental,luminosidad,luz_artificial,estado_ambiental,visibilidad,semaforo,tipo_involucrado
746,49380,2019-06-12,10:50:00,Urbana,Avenida,AVENIDA PUJOL,2400,VELEZ SARSFIELD,-2.746.662,-5.881.938,1,2,0,2,0,Colisión entre vehículos,2,Hormigón,Apto,Seca,Día,NO,Despejado,Buena,Sin Semáforo,Motocicleta
747,49380,2019-06-12,10:50:00,Urbana,Avenida,AVENIDA PUJOL,2400,VELEZ SARSFIELD,-2.746.662,-5.881.938,1,2,0,2,0,Colisión entre vehículos,2,Hormigón,Apto,Seca,Día,NO,Despejado,Buena,Sin Semáforo,Camioneta/Utilitario
748,56780,2019-06-12,06:00:00,Urbana,Avenida,AV LIBERTAD,5220,AV LA PRIDA,-2.746.589,-5.878.694,2,0,0,1,0,Vuelco (solo 1 participante),1,Asfalto,Apto,Seca,Amanecer,SI,Nublado,Buena,Funciona,Automóvil
749,49315,2019-06-12,00:35:00,Urbana,Calle,ESTADOS UNIDOS,2900,BELGRANO,-2.747.428,-5.881.484,1,1,0,2,0,Colisión entre vehículos,2,Asfalto,Apto,Seca,Noche,SI,Despejado,Buena,Sin Semáforo,Automóvil
750,49315,2019-06-12,00:35:00,Urbana,Calle,ESTADOS UNIDOS,2900,BELGRANO,-2.747.428,-5.881.484,1,1,0,2,0,Colisión entre vehículos,2,Asfalto,Apto,Seca,Noche,SI,Despejado,Buena,Sin Semáforo,Motocicleta
751,52254,2019-06-12,19:35:00,Urbana,Avenida,AV MAIPU,600,AV TTE IBAÑEZ,-2.748.315,-5.882.579,1,1,0,1,1,Atropello a peatón/es,2,Asfalto,Apto,Seca,Noche,SI,Nublado,Buena,Funciona,Peatón
752,52254,2019-06-12,19:35:00,Urbana,Avenida,AV MAIPU,600,AV TTE IBAÑEZ,-2.748.315,-5.882.579,1,1,0,1,1,Atropello a peatón/es,2,Asfalto,Apto,Seca,Noche,SI,Nublado,Buena,Funciona,Automóvil
753,58983,2019-06-11,08:12:00,Urbana,Calle,TACUARI,1700,LAVALLE,-2.748.139,-5.880.667,1,1,0,1,0,Despiste,1,Hormigón,Apto,Seca,Día,NO,Despejado,,Sin Semáforo,Motocicleta
754,49593,2019-06-11,15:37:00,Urbana,Calle,CORDOBA,1500,RIVADAVIA,-2.747.454,-5.883.522,2,0,0,2,0,Colisión entre vehículos,2,Asfalto,Apto,Seca,Día,NO,Nublado,,Sin Semáforo,Automóvil
755,49593,2019-06-11,15:37:00,Urbana,Calle,CORDOBA,1500,RIVADAVIA,-2.747.454,-5.883.522,2,0,0,2,0,Colisión entre vehículos,2,Asfalto,Apto,Seca,Día,NO,Nublado,,Sin Semáforo,Automóvil
756,53987,2019-06-10,16:05:00,Urbana,Calle,BELGRANO,1200,ITUZAINGO,-2.747.386,-5.881.964,2,0,0,2,0,Colisión entre vehículos,2,Hormigón,Apto,Seca,Día,NO,Despejado,Buena,Sin Semáforo,Automóvil
757,53987,2019-06-10,16:05:00,Urbana,Calle,BELGRANO,1200,ITUZAINGO,-2.747.386,-5.881.964,2,0,0,2,0,Colisión entre vehículos,2,Hormigón,Apto,Seca,Día,NO,Despejado,Buena,Sin Semáforo,Automóvil
758,62876,2019-06-10,10:05:00,Urbana,Calle,MURCIA,100,SICILIA,-2.745.782,-5.878.713,0,1,0,1,0,Vuelco (solo 1 participante),1,Hormigón,Apto,Seca,Día,NO,Nublado,Buena,Sin Semáforo,Motocicleta
759,55688,2019-06-10,08:15:00,Urbana,Calle,SAN MARTIN,1400,CATAMARCA,-2.747.009,-5.883.329,1,1,0,2,0,Colisión entre vehículos,2,Asfalto,Apto,Mojada,Día,NO,Nublado,Buena,Sin Semáforo,Automóvil
760,55688,2019-06-10,08:15:00,Urbana,Calle,SAN MARTIN,1400,CATAMARCA,-2.747.009,-5.883.329,1,1,0,2,0,Colisión entre vehículos,2,Asfalto,Apto,Mojada,Día,NO,Nublado,Buena,Sin Semáforo,Motocicleta
761,49600,2019-06-08,07:27:00,Urbana,Calle,BRASIL,2100,MORENO,-2.747.443,-5.882.471,2,1,0,2,0,Colisión entre vehículos,2,Hormigón,Apto,Seca,Día,NO,Despejado,Buena,Sin Semáforo,Motocicleta
762,49600,2019-06-08,07:27:00,Urbana,Calle,BRASIL,2100,MORENO,-2.747.443,-5.882.471,2,1,0,2,0,Colisión entre vehículos,2,Hormigón,Apto,Seca,Día,NO,Despejado,Buena,Sin Semáforo,Automóvil
763,49510,2019-06-08,17:05:00,Urbana,Calle,SAN MARTIN,2300,PERU,-2.747.126,-5.882.181,1,1,0,2,0,Colisión entre vehículos,2,Hormigón,Apto,Mojada,Día,NO,Lluvia,Buena,Sin Semáforo,Automóvil
764,49510,2019-06-08,17:05:00,Urbana,Calle,SAN MARTIN,2300,PERU,-2.747.126,-5.882.181,1,1,0,2,0,Colisión entre vehículos,2,Hormigón,Apto,Mojada,Día,NO,Lluvia,Buena,Sin Semáforo,Motocicleta
765,49530,2019-06-07,17:15:00,Urbana,Calle,JOSE R. VIDAL,1800,GRAL PAZ,-2.747.820,-5.883.810,1,2,0,2,0,Colisión entre vehículos,2,Hormigón,Apto,Seca,Atardecer,NO,Despejado,Buena,Sin Semáforo,Automóvil
766,49530,2019-06-07,17:15:00,Urbana,Calle,JOSE R. VIDAL,1800,GRAL PAZ,-2.747.820,-5.883.810,1,2,0,2,0,Colisión entre vehículos,2,Hormigón,Apto,Seca,Atardecer,NO,Despejado,Buena,Sin Semáforo,Motocicleta
767,56861,2019-06-07,15:15:00,Urbana,Avenida,AVENIDA CAZADORES CORRENTINOS,5000,THAMES,-2.748.829,-5.879.389,1,2,0,2,0,Colisión entre vehículos,2,Hormigón,Apto,Seca,Día,NO,Nublado,Buena,Sin Semáforo,Automóvil
768,56861,2019-06-07,15:15:00,Urbana,Avenida,AVENIDA CAZADORES CORRENTINOS,5000,THAMES,-2.748.829,-5.879.389,1,2,0,2,0,Colisión entre vehículos,2,Hormigón,Apto,Seca,Día,NO,Nublado,Buena,Sin Semáforo,Motocicleta
769,62894,2019-06-06,08:10:00,Urbana,Calle,BROWN,2700,COLOMBIA,-2.747.402,-5.881.753,2,1,0,2,0,Colisión entre vehículos,2,Asfalto,Apto,Seca,Día,NO,Nublado,Buena,Sin Semáforo,Automóvil
770,62894,2019-06-06,08:10:00,Urbana,Calle,BROWN,2700,COLOMBIA,-2.747.402,-5.881.753,2,1,0,2,0,Colisión entre vehículos,2,Asfalto,Apto,Seca,Día,NO,Nublado,Buena,Sin Semáforo,Camioneta/Utilitario
771,49357,2019-06-06,23:00:00,Urbana,Avenida,AVENIDA JUAN RAMON VIDAL,3000,LAMADRID,-2.748.419,-5.881.563,2,0,0,2,0,Colisión entre vehículos,2,Asfalto,Apto,Seca,Noche,SI,Despejado,Buena,,Automóvil
772,49357,2019-06-06,23:00:00,Urbana,Avenida,AVENIDA JUAN RAMON VIDAL,3000,LAMADRID,-2.748.419,-5.881.563,2,0,0,2,0,Colisión entre vehículos,2,Asfalto,Apto,Seca,Noche,SI,Despejado,Buena,,Camioneta/Utilitario
773,49439,2019-06-06,11:15:00,Urbana,Avenida,AVENIDA MAIPU,6000,,-2.752.860,-5.879.428,2,4,0,2,0,Colisión entre vehículos,2,Asfalto,Apto,Seca,Día,NO,Despejado,Buena,Sin Semáforo,Automóvil
774,49439,2019-06-06,11:15:00,Urbana,Avenida,AVENIDA MAIPU,6000,,-2.752.860,-5.879.428,2,4,0,2,0,Colisión entre vehículos,2,Asfalto,Apto,Seca,Día,NO,Despejado,Buena,Sin Semáforo,Motocicleta
775,53851,2019-06-06,11:30:00,Urbana,Avenida,AV INDEPENDENCIA,4000,OBISPO NIELLA,-2.748.017,-5.880.354,2,0,0,2,0,Colisión entre vehículos,2,Hormigón,Apto,Seca,Día,NO,Nublado,Buena,Sin Semáforo,Transporte de carga
776,53851,2019-06-06,11:30:00,Urbana,Avenida,AV INDEPENDENCIA,4000,OBISPO NIELLA,-2.748.017,-5.880.354,2,0,0,2,0,Colisión entre vehículos,2,Hormigón,Apto,Seca,Día,NO,Nublado,Buena,Sin Semáforo,Automóvil
777,54458,2019-06-05,07:35:00,Urbana,Avenida,AV VERA,1100,MENDOZA,-2.746.119,-5.883.489,1,0,0,1,0,Choque,1,Asfalto,Apto,Seca,Día,NO,Despejado,Buena,Sin Semáforo,Automóvil
778,58322,2019-06-05,08:45:00,Urbana,Avenida,AV INDEPENCIA,3500,,,,0,1,0,1,0,Colisión entre vehículos,1,Hormigón,Apto,Seca,Día,NO,Despejado,Buena,Sin Semáforo,Motocicleta
779,49492,2019-06-05,18:30:00,Urbana,Avenida,AV SARMIENTO,2000,REPUBLICA DEL LIBANO,-2.747.960,-5.883.046,1,1,0,2,0,Colisión entre vehículos,2,Asfalto,Apto,Seca,Noche,,Nublado,Buena,Sin Semáforo,Motocicleta
780,49492,2019-06-05,18:30:00,Urbana,Avenida,AV SARMIENTO,2000,REPUBLICA DEL LIBANO,-2.747.960,-5.883.046,1,1,0,2,0,Colisión entre vehículos,2,Asfalto,Apto,Seca,Noche,,Nublado,Buena,Sin Semáforo,Automóvil
781,49539,2019-06-04,09:30:00,Urbana,Avenida,AVENIDA 3 DE ABRIL,1100,SAN JUAN,-2.747.550,-5.883.757,1,1,0,2,0,Colisión entre vehículos,2,Hormigón,Apto,Seca,Día,NO,Despejado,Buena,Funciona,Motocicleta
782,49539,2019-06-04,09:30:00,Urbana,Avenida,AVENIDA 3 DE ABRIL,1100,SAN JUAN,-2.747.550,-5.883.757,1,1,0,2,0,Colisión entre vehículos,2,Hormigón,Apto,Seca,Día,NO,Despejado,Buena,Funciona,Camioneta/Utilitario
783,49572,2019-06-04,22:35:00,Urbana,Avenida,AVENIDA INDEPENDENCIA,4400,LAS PIEDRAS,-2.748.079,-5.880.050,2,0,0,2,0,Colisión entre vehículos,2,Hormigón,Apto,"Despejada, Seca",Noche,SI,Nublado,Buena,Funciona,Automóvil
784,49572,2019-06-04,22:35:00,Urbana,Avenida,AVENIDA INDEPENDENCIA,4400,LAS PIEDRAS,-2.748.079,-5.880.050,2,0,0,2,0,Colisión entre vehículos,2,Hormigón,Apto,"Despejada, Seca",Noche,SI,Nublado,Buena,Funciona,Automóvil
785,49321,2019-06-03,08:00:00,Urbana,Avenida,AVENIDA MAIPU,2900,AVENIDA C. CORRENTINOS,-2.748.464,-5.882.229,2,0,0,2,0,Colisión entre vehículos,2,Hormigón,Apto,Seca,Día,NO,Despejado,Buena,Sin Semáforo,Automóvil
786,49321,2019-06-03,08:00:00,Urbana,Avenida,AVENIDA MAIPU,2900,AVENIDA C. CORRENTINOS,-2.748.464,-5.882.229,2,0,0,2,0,Colisión entre vehículos,2,Hormigón,Apto,Seca,Día,NO,Despejado,Buena,Sin Semáforo,Transporte de pasajeros
787,49463,2019-06-03,07:30:00,Urbana,Avenida,AV FERRE,1700,ESPAÑA,-2.747.657,-5.883.019,2,1,0,3,0,Colisión entre vehículos,3,Hormigón,Apto,Seca,Día,NO,Despejado,Buena,Funciona,Automóvil
788,49463,2019-06-03,07:30:00,Urbana,Avenida,AV FERRE,1700,ESPAÑA,-2.747.657,-5.883.019,2,1,0,3,0,Colisión entre vehículos,3,Hormigón,Apto,Seca,Día,NO,Despejado,Buena,Funciona,Transporte de pasajeros
789,49463,2019-06-03,07:30:00,Urbana,Avenida,AV FERRE,1700,ESPAÑA,-2.747.657,-5.883.019,2,1,0,3,0,Colisión entre vehículos,3,Hormigón,Apto,Seca,Día,NO,Despejado,Buena,Funciona,Motocicleta
790,49294,2019-06-03,17:20:00,Urbana,Semiautopista/Autovía,MAIPU,0,SANTA CATALINA,-2.752.188,-5.879.977,1,1,0,2,0,Colisión entre vehículos,2,Hormigón,Apto,"Despejada, Seca",Día,NO,Despejado,Buena,Funciona,Motocicleta
791,49294,2019-06-03,17:20:00,Urbana,Semiautopista/Autovía,MAIPU,0,SANTA CATALINA,-2.752.188,-5.879.977,1,1,0,2,0,Colisión entre vehículos,2,Hormigón,Apto,"Despejada, Seca",Día,NO,Despejado,Buena,Funciona,Automóvil
792,49478,2019-06-03,17:45:00,Urbana,Calle,GUEMES,1800,GENERAL PAZ,-2.748.204,-5.880.810,1,2,0,2,0,Colisión entre vehículos,2,Hormigón,Apto,Seca,Día,NO,Nublado,,Sin Semáforo,Motocicleta
793,49478,2019-06-03,17:45:00,Urbana,Calle,GUEMES,1800,GENERAL PAZ,-2.748.204,-5.880.810,1,2,0,2,0,Colisión entre vehículos,2,Hormigón,Apto,Seca,Día,NO,Nublado,,Sin Semáforo,Camioneta/Utilitario
794,68807,2019-06-02,19:00:00,Urbana,Avenida,JUAN RAMON VIDAL,2800,CARTAJENA,-2.749.217,-5.881.718,1,1,0,2,0,Colisión entre vehículos,2,Asfalto,Apto,Despejada,Atardecer,NO,Despejado,Buena,Sin Semáforo,Motocicleta
795,68807,2019-06-02,19:00:00,Urbana,Avenida,JUAN RAMON VIDAL,2800,CARTAJENA,-2.749.217,-5.881.718,1,1,0,2,0,Colisión entre vehículos,2,Asfalto,Apto,Despejada,Atardecer,NO,Despejado,Buena,Sin Semáforo,Motocicleta
796,49306,2019-06-01,11:10:00,Urbana,Avenida,AV MAIPU,640,AV LA PAZ,-2.748.446,-5.882.492,3,1,0,2,0,Colisión entre vehículos,2,Hormigón,Apto,Seca,Día,,"Despejado, Viento",Buena,Funciona,Transporte de carga
797,49306,2019-06-01,11:10:00,Urbana,Avenida,AV MAIPU,640,AV LA PAZ,-2.748.446,-5.882.492,3,1,0,2,0,Colisión entre vehículos,2,Hormigón,Apto,Seca,Día,,"Despejado, Viento",Buena,Funciona,Motocicleta
798,49454,2019-06-01,11:30:00,Urbana,Calle,MEDRANO,4100,NICARAGUA,-2.750.258,-5.879.772,0,2,0,2,0,Colisión entre vehículos,2,Asfalto,Apto,Despejada,Día,SI,Despejado,Buena,Sin Semáforo,Motocicleta
799,49454,2019-06-01,11:30:00,Urbana,Calle,MEDRANO,4100,NICARAGUA,-2.750.258,-5.879.772,0,2,0,2,0,Colisión entre vehículos,2,Asfalto,Apto,Despejada,Día,SI,Despejado,Buena,Sin Semáforo,Motocicleta
800,49604,2019-05-31,09:45:00,Urbana,Calle,MORENO,1300,VELEZ SARSFIELD,-2.747.481,-5.882.089,1,1,0,1,1,Colisión entre vehículos,2,Hormigón,Apto,Seca,Día,NO,Despejado,Buena,Sin Semáforo,Motocicleta
801,49604,2019-05-31,09:45:00,Urbana,Calle,MORENO,1300,VELEZ SARSFIELD,-2.747.481,-5.882.089,1,1,0,1,1,Colisión entre vehículos,2,Hormigón,Apto,Seca,Día,NO,Despejado,Buena,Sin Semáforo,Peatón
802,53868,2019-05-31,12:05:00,Urbana,Calle,HH YRIGOYEN,900,SALTA,-2.746.835,-5.883.922,1,1,0,2,0,Colisión entre vehículos,2,Asfalto,Apto,Seca,Día,NO,Despejado,Buena,Sin Semáforo,Automóvil
803,53868,2019-05-31,12:05:00,Urbana,Calle,HH YRIGOYEN,900,SALTA,-2.746.835,-5.883.922,1,1,0,2,0,Colisión entre vehículos,2,Asfalto,Apto,Seca,Día,NO,Despejado,Buena,Sin Semáforo,Bicicleta
804,49397,2019-05-30,18:20:00,Urbana,Avenida,AV INDEPENDENCIA,5100,GODOY CRUZ,-2.748.377,-5.878.971,0,2,0,2,0,Colisión entre vehículos,2,Hormigón,Apto,Seca,Día,NO,Despejado,Buena,Funciona,Motocicleta
805,49397,2019-05-30,18:20:00,Urbana,Avenida,AV INDEPENDENCIA,5100,GODOY CRUZ,-2.748.377,-5.878.971,0,2,0,2,0,Colisión entre vehículos,2,Hormigón,Apto,Seca,Día,NO,Despejado,Buena,Funciona,Motocicleta
806,49471,2019-05-30,17:08:00,Rural,Calle,COLOMBIA,2800,VIRASORO,-2.746.815,-5.881.625,0,3,0,2,0,Colisión entre vehículos,2,Asfalto,Apto,Mojada,Día,NO,Nublado,Buena,Sin Semáforo,Motocicleta
807,49471,2019-05-30,17:08:00,Rural,Calle,COLOMBIA,2800,VIRASORO,-2.746.815,-5.881.625,0,3,0,2,0,Colisión entre vehículos,2,Asfalto,Apto,Mojada,Día,NO,Nublado,Buena,Sin Semáforo,Motocicleta
808,54782,2019-05-30,14:00:00,Urbana,Calle,GOBERNADOR MARTINEZ,2800,COLOMBIA,-2.746.925,-5.881.647,3,1,0,2,0,Colisión entre vehículos,2,Hormigón,Apto,Seca,Día,NO,Despejado,Buena,Sin Semáforo,Motocicleta
809,54782,2019-05-30,14:00:00,Urbana,Calle,GOBERNADOR MARTINEZ,2800,COLOMBIA,-2.746.925,-5.881.647,3,1,0,2,0,Colisión entre vehículos,2,Hormigón,Apto,Seca,Día,NO,Despejado,Buena,Sin Semáforo,Automóvil
810,62892,2019-05-29,07:36:00,Urbana,Avenida,AV. ARMENIA,2900,PJE GALARZA,-2.746.742,-5.881.066,0,2,0,2,0,Colisión entre vehículos,2,Asfalto,Apto,Seca,Día,NO,Despejado,Buena,Sin Semáforo,Automóvil
811,62892,2019-05-29,07:36:00,Urbana,Avenida,AV. ARMENIA,2900,PJE GALARZA,-2.746.742,-5.881.066,0,2,0,2,0,Colisión entre vehículos,2,Asfalto,Apto,Seca,Día,NO,Despejado,Buena,Sin Semáforo,Motocicleta
812,49301,2019-05-28,15:35:00,Urbana,Avenida,SANTA ROSA,2600,GENERAL PAZ,-2.747.999,-5.882.011,1,1,0,2,0,Colisión entre vehículos,2,Hormigón,Apto,"Despejada, Seca",Día,NO,Despejado,Buena,Sin Semáforo,Motocicleta
813,49301,2019-05-28,15:35:00,Urbana,Avenida,SANTA ROSA,2600,GENERAL PAZ,-2.747.999,-5.882.011,1,1,0,2,0,Colisión entre vehículos,2,Hormigón,Apto,"Despejada, Seca",Día,NO,Despejado,Buena,Sin Semáforo,Camioneta/Utilitario
814,49233,2019-05-28,18:45:00,Urbana,Avenida,AV. PERON,3200,WENCESLAO,-2.748.673,-5.880.745,1,1,0,2,0,Colisión entre vehículos,2,Hormigón,Apto,Seca,Día,NO,Despejado,Buena,Sin Semáforo,Motocicleta
815,49233,2019-05-28,18:45:00,Urbana,Avenida,AV. PERON,3200,WENCESLAO,-2.748.673,-5.880.745,1,1,0,2,0,Colisión entre vehículos,2,Hormigón,Apto,Seca,Día,NO,Despejado,Buena,Sin Semáforo,Motocicleta
816,49316,2019-05-28,08:00:00,Urbana,Avenida,MAIPU,8,,-2.753.095,-5.876.913,1,0,0,1,0,Despiste,1,Asfalto,Apto,Seca,Día,NO,Despejado,Buena,Sin Semáforo,Automóvil
817,49503,2019-05-26,11:25:00,Urbana,Avenida,AVENIDA ARTIGAS,1200,BOLIVAR,-2.747.260,-5.881.896,1,1,0,2,0,Colisión entre vehículos,2,Asfalto,Apto,Seca,Día,NO,Despejado,Buena,Sin Semáforo,Motocicleta
818,49503,2019-05-26,11:25:00,Urbana,Avenida,AVENIDA ARTIGAS,1200,BOLIVAR,-2.747.260,-5.881.896,1,1,0,2,0,Colisión entre vehículos,2,Asfalto,Apto,Seca,Día,NO,Despejado,Buena,Sin Semáforo,Automóvil
819,67482,2019-05-25,06:00:00,Urbana,Avenida,AV VERA,1100,SAN JUAN,-2.746.158,-5.883.635,1,1,0,2,0,Colisión entre vehículos,2,Hormigón,Apto,Seca,Amanecer,NO,Despejado,Buena,Sin Semáforo,Automóvil
820,67482,2019-05-25,06:00:00,Urbana,Avenida,AV VERA,1100,SAN JUAN,-2.746.158,-5.883.635,1,1,0,2,0,Colisión entre vehículos,2,Hormigón,Apto,Seca,Amanecer,NO,Despejado,Buena,Sin Semáforo,Motocicleta
821,49462,2019-05-25,18:35:00,Urbana,Avenida,AV ALTA GRACIA,2200,,-2.750.955,-5.882.634,0,2,0,2,0,Colisión entre vehículos,2,Hormigón,Apto,Seca,Noche,NO,Despejado,Buena,Sin Semáforo,Motocicleta
822,49462,2019-05-25,18:35:00,Urbana,Avenida,AV ALTA GRACIA,2200,,-2.750.955,-5.882.634,0,2,0,2,0,Colisión entre vehículos,2,Hormigón,Apto,Seca,Noche,NO,Despejado,Buena,Sin Semáforo,Motocicleta
823,67513,2019-05-23,14:10:00,Urbana,Calle,MADARIAGA,900,GOB CASTILLO,-2.748.229,-5.884.270,2,0,0,2,0,Colisión entre vehículos,2,Asfalto,,Seca,Día,NO,Despejado,Buena,Sin Semáforo,Automóvil
824,67513,2019-05-23,14:10:00,Urbana,Calle,MADARIAGA,900,GOB CASTILLO,-2.748.229,-5.884.270,2,0,0,2,0,Colisión entre vehículos,2,Asfalto,,Seca,Día,NO,Despejado,Buena,Sin Semáforo,Motocicleta
825,49265,2019-05-22,19:00:00,Urbana,Avenida,AV 3 DE ABRIL,1700,ESPAÑA,-2.747.654,-5.883.011,1,1,0,2,0,Colisión entre vehículos,2,Hormigón,Apto,Seca,Atardecer,NO,Despejado,Buena,Funciona,Automóvil
826,49265,2019-05-22,19:00:00,Urbana,Avenida,AV 3 DE ABRIL,1700,ESPAÑA,-2.747.654,-5.883.011,1,1,0,2,0,Colisión entre vehículos,2,Hormigón,Apto,Seca,Atardecer,NO,Despejado,Buena,Funciona,Motocicleta
827,49457,2019-05-21,07:35:00,Urbana,Avenida,AV FERRE,1700,ESPAÑA,-2.747.650,-5.883.014,1,1,0,2,0,Colisión entre vehículos,2,Hormigón,,"Despejada, Seca",Día,NO,Despejado,Buena,Funciona,Automóvil
828,49457,2019-05-21,07:35:00,Urbana,Avenida,AV FERRE,1700,ESPAÑA,-2.747.650,-5.883.014,1,1,0,2,0,Colisión entre vehículos,2,Hormigón,,"Despejada, Seca",Día,NO,Despejado,Buena,Funciona,Automóvil
829,53790,2019-05-21,07:30:00,Urbana,Avenida,AVENIDA ARMENIA,4900,,-2.746.740,-5.879.214,1,1,0,2,0,Colisión entre vehículos,2,Asfalto,Apto,Mojada,Día,NO,Lluvia,Lluvia,Sin Semáforo,Motocicleta
830,53790,2019-05-21,07:30:00,Urbana,Avenida,AVENIDA ARMENIA,4900,,-2.746.740,-5.879.214,1,1,0,2,0,Colisión entre vehículos,2,Asfalto,Apto,Mojada,Día,NO,Lluvia,Lluvia,Sin Semáforo,Camioneta/Utilitario
831,53866,2019-05-20,09:45:00,Urbana,Avenida,AV INDEPENDENCIA,4200,YLAS PIEDRAS,-2.748.079,-5.880.050,1,1,0,2,0,Colisión entre vehículos,2,Hormigón,Apto,Seca,Día,NO,Despejado,Buena,Funciona,Motocicleta
832,53866,2019-05-20,09:45:00,Urbana,Avenida,AV INDEPENDENCIA,4200,YLAS PIEDRAS,-2.748.079,-5.880.050,1,1,0,2,0,Colisión entre vehículos,2,Hormigón,Apto,Seca,Día,NO,Despejado,Buena,Funciona,Automóvil
833,55774,2019-05-18,12:30:00,Urbana,Calle,SAN JUAN,1300,MORENO,-2.747.321,-5.883.729,2,0,0,2,0,Colisión entre vehículos,2,Asfalto,Apto,Seca,Día,NO,Despejado,Buena,Sin Semáforo,Automóvil
834,55774,2019-05-18,12:30:00,Urbana,Calle,SAN JUAN,1300,MORENO,-2.747.321,-5.883.729,2,0,0,2,0,Colisión entre vehículos,2,Asfalto,Apto,Seca,Día,NO,Despejado,Buena,Sin Semáforo,Motocicleta
835,62881,2019-05-17,13:20:00,Urbana,Calle,RIOJA,600,25 DE mayo,-2.746.414,-5.883.773,2,0,0,2,0,Colisión entre vehículos,2,Asfalto,Apto,Seca,Día,NO,Nublado,Buena,Sin Semáforo,Automóvil
836,62881,2019-05-17,13:20:00,Urbana,Calle,RIOJA,600,25 DE mayo,-2.746.414,-5.883.773,2,0,0,2,0,Colisión entre vehículos,2,Asfalto,Apto,Seca,Día,NO,Nublado,Buena,Sin Semáforo,Camioneta/Utilitario
837,62288,2019-05-17,03:27:00,Urbana,Calle,TUCUMAN,700,TRES DE ABRIL,-2.747.492,-5.884.218,1,1,0,2,0,Colisión entre vehículos,2,Asfalto,Apto,Seca,Amanecer,SI,Despejado,Buena,Funciona,Automóvil
838,62288,2019-05-17,03:27:00,Urbana,Calle,TUCUMAN,700,TRES DE ABRIL,-2.747.492,-5.884.218,1,1,0,2,0,Colisión entre vehículos,2,Asfalto,Apto,Seca,Amanecer,SI,Despejado,Buena,Funciona,Motocicleta
839,54494,2019-05-16,16:00:00,Urbana,Calle,MENDOZA,1200,LA MADRID,-2.748.180,-5.883.728,2,0,0,2,0,Colisión entre vehículos,2,Hormigón,Apto,Seca,Día,NO,Despejado,Buena,Sin Semáforo,Automóvil
840,54494,2019-05-16,16:00:00,Urbana,Calle,MENDOZA,1200,LA MADRID,-2.748.180,-5.883.728,2,0,0,2,0,Colisión entre vehículos,2,Hormigón,Apto,Seca,Día,NO,Despejado,Buena,Sin Semáforo,Camioneta/Utilitario
841,49597,2019-05-16,07:15:00,Urbana,Avenida,AV INDEPENDENCIA,4300,RIO JURAMENTO,-2.748.112,-5.879.933,0,2,0,1,0,Vuelco (solo 1 participante),1,Hormigón,,,Amanecer,SI,Despejado,Buena,Sin Semáforo,Automóvil
842,49479,2019-05-16,08:00:00,Urbana,Calle,JUJUY,1400,RIVADAVIA,-2.747.521,-5.882.861,0,1,0,1,0,Despiste,1,Asfalto,Apto,Despejada,Día,NO,Nublado,Buena,Sin Semáforo,Motocicleta
843,49573,2019-05-15,16:05:00,Urbana,Avenida,AVENIDA CAZADORES CORRENTINOS,3100,RECONQUISTA,-2.748.705,-5.881.481,2,1,0,2,0,Colisión entre vehículos,2,Hormigón,Apto,Seca,Día,NO,Nublado,Buena,Sin Semáforo,Motocicleta
844,49573,2019-05-15,16:05:00,Urbana,Avenida,AVENIDA CAZADORES CORRENTINOS,3100,RECONQUISTA,-2.748.705,-5.881.481,2,1,0,2,0,Colisión entre vehículos,2,Hormigón,Apto,Seca,Día,NO,Nublado,Buena,Sin Semáforo,Motocicleta
845,49406,2019-05-15,10:15:00,Urbana,Calle,LA RIOJA,1000,BELGRANO,-2.747.193,-5.883.853,2,1,0,2,0,Colisión entre vehículos,2,Asfalto,Apto,Seca,Día,NO,Nublado,Buena,Sin Semáforo,Motocicleta
846,49406,2019-05-15,10:15:00,Urbana,Calle,LA RIOJA,1000,BELGRANO,-2.747.193,-5.883.853,2,1,0,2,0,Colisión entre vehículos,2,Asfalto,Apto,Seca,Día,NO,Nublado,Buena,Sin Semáforo,Camioneta/Utilitario
847,64870,2019-05-15,10:00:00,Urbana,Avenida,PEDRO FERRE,2800,CHILE,-2.747.824,-5.881.724,2,1,0,2,0,Colisión entre vehículos,2,Asfalto,Apto,Seca,Día,NO,Despejado,Buena,Sin Semáforo,Motocicleta
848,64870,2019-05-15,10:00:00,Urbana,Avenida,PEDRO FERRE,2800,CHILE,-2.747.824,-5.881.724,2,1,0,2,0,Colisión entre vehículos,2,Asfalto,Apto,Seca,Día,NO,Despejado,Buena,Sin Semáforo,Automóvil
849,49385,2019-05-14,07:55:00,Urbana,Avenida,AVENIDA ARTIGAS,1100,BOLIVAR,-2.747.268,-5.881.896,2,0,0,2,0,Colisión entre vehículos,2,Asfalto,Apto,Seca,Día,NO,Despejado,Buena,Sin Semáforo,Motocicleta
850,49385,2019-05-14,07:55:00,Urbana,Avenida,AVENIDA ARTIGAS,1100,BOLIVAR,-2.747.268,-5.881.896,2,0,0,2,0,Colisión entre vehículos,2,Asfalto,Apto,Seca,Día,NO,Despejado,Buena,Sin Semáforo,Automóvil