,id_feu,siniestro_fecha,siniestro_hora,zona_ocurrencia,via_publica,nombre_via,altura_km,entre_calle_1,latitud,longitud,ilesos,heridos,fallecidos,vehiculos,peatones,tipo_siniestro_unico,cantidad_de_involucrados,material_de_la_calzada,estado_de_la_calzada,estado_fisico_ambiental,luminosidad,luz_artificial,estado_ambiental,visibilidad,semaforo,tipo_involucrado
851,49445,2019-05-14,07:30:00,Urbana,Calle,VARGAS GOMEZ,2100,LAMADRID,-2.748.212,-5.883.462,1,1,0,2,0,Colisión entre vehículos,2,Hormigón,Apto,Seca,Amanecer,NO,Despejado,Buena,Sin Semáforo,Motocicleta
852,49445,2019-05-14,07:30:00,Urbana,Calle,VARGAS GOMEZ,2100,LAMADRID,-2.748.212,-5.883.462,1,1,0,2,0,Colisión entre vehículos,2,Hormigón,Apto,Seca,Amanecer,NO,Despejado,Buena,Sin Semáforo,Automóvil
853,60688,2019-05-14,11:50:00,Urbana,Avenida,SANTA ROSA,2599,,-2.748.014,-5.882.014,1,2,0,2,0,Colisión entre vehículos,2,Hormigón,Baches,Seca,Día,NO,Despejado,Buena,Sin Semáforo,Motocicleta
854,60688,2019-05-14,11:50:00,Urbana,Avenida,SANTA ROSA,2599,,-2.748.014,-5.882.014,1,2,0,2,0,Colisión entre vehículos,2,Hormigón,Baches,Seca,Día,NO,Despejado,Buena,Sin Semáforo,Automóvil
855,62287,2019-05-13,06:30:00,Urbana,Avenida,TRES DE ABRIL,500,SAN LUIS,-2.747.476,-5.884.360,2,0,0,2,0,Colisión entre vehículos,2,Hormigón,Apto,Mojada,Amanecer,SI,Lluvia,Buena,Funciona,Automóvil
856,62287,2019-05-13,06:30:00,Urbana,Avenida,TRES DE ABRIL,500,SAN LUIS,-2.747.476,-5.884.360,2,0,0,2,0,Colisión entre vehículos,2,Hormigón,Apto,Mojada,Amanecer,SI,Lluvia,Buena,Funciona,Automóvil
857,49499,2019-05-13,15:20:00,Urbana,Avenida,AVENIDA PUJOL,800,PELLEGRINI,-2.746.643,-5.882.271,0,2,0,2,0,Colisión entre vehículos,2,Hormigón,Apto,"Despejada, Seca",Día,NO,Despejado,Buena,Sin Semáforo,Automóvil
858,49499,2019-05-13,15:20:00,Urbana,Avenida,AVENIDA PUJOL,800,PELLEGRINI,-2.746.643,-5.882.271,0,2,0,2,0,Colisión entre vehículos,2,Hormigón,Apto,"Despejada, Seca",Día,NO,Despejado,Buena,Sin Semáforo,Automóvil
859,49428,2019-05-13,11:50:00,Urbana,Calle,SAN LUIS,1200,BOLIVAR,-2.747.033,-5.884.324,1,1,0,2,0,Colisión entre vehículos,2,Asfalto,Apto,Seca,Día,NO,Despejado,Buena,Sin Semáforo,Automóvil
860,49428,2019-05-13,11:50:00,Urbana,Calle,SAN LUIS,1200,BOLIVAR,-2.747.033,-5.884.324,1,1,0,2,0,Colisión entre vehículos,2,Asfalto,Apto,Seca,Día,NO,Despejado,Buena,Sin Semáforo,Motocicleta
861,49585,2019-05-12,19:55:00,Urbana,Avenida,AVENIDA PEDRO FERRE,2300,PERU,-2.747.747,-5.882.256,1,1,0,2,0,Colisión entre vehículos,2,Hormigón,Apto,Seca,Noche,SI,Despejado,Buena,Sin Semáforo,Automóvil
862,49585,2019-05-12,19:55:00,Urbana,Avenida,AVENIDA PEDRO FERRE,2300,PERU,-2.747.747,-5.882.256,1,1,0,2,0,Colisión entre vehículos,2,Hormigón,Apto,Seca,Noche,SI,Despejado,Buena,Sin Semáforo,Motocicleta
863,49384,2019-05-12,23:15:00,Urbana,Avenida,AVENIDA FERRE,1700,ESPAÑA,-2.747.657,-5.883.019,1,1,0,2,0,Colisión entre vehículos,2,Asfalto,Apto,Seca,Noche,SI,Despejado,Buena,Funciona,Automóvil
864,49384,2019-05-12,23:15:00,Urbana,Avenida,AVENIDA FERRE,1700,ESPAÑA,-2.747.657,-5.883.019,1,1,0,2,0,Colisión entre vehículos,2,Asfalto,Apto,Seca,Noche,SI,Despejado,Buena,Funciona,Motocicleta
865,55718,2019-05-11,09:30:00,Urbana,Avenida,AVENIDA 3 DE ABRIL,1000,LA RIOJA,-2.747.555,-5.883.905,1,1,0,2,0,Colisión entre vehículos,2,Asfalto,Apto,Mojada,,NO,Despejado,Buena,Funciona,Automóvil
866,55718,2019-05-11,09:30:00,Urbana,Avenida,AVENIDA 3 DE ABRIL,1000,LA RIOJA,-2.747.555,-5.883.905,1,1,0,2,0,Colisión entre vehículos,2,Asfalto,Apto,Mojada,,NO,Despejado,Buena,Funciona,Bicicleta
867,53400,2019-05-11,13:10:00,Urbana,Ruta Provincial,5,7.5,CALLE 8,-2.748.642,-5.876.901,1,1,0,2,0,Colisión entre vehículos,2,Hormigón,Apto,Seca,Día,NO,Nublado,Buena,Sin Semáforo,Motocicleta
868,53400,2019-05-11,13:10:00,Urbana,Ruta Provincial,5,7.5,CALLE 8,-2.748.642,-5.876.901,1,1,0,2,0,Colisión entre vehículos,2,Hormigón,Apto,Seca,Día,NO,Nublado,Buena,Sin Semáforo,Automóvil
869,49486,2019-05-11,23:20:00,Urbana,Ruta Nacional,12,1032,,-2.746.867,-5.877.765,1,0,0,1,0,Atropello a animal/es,1,Asfalto,Apto,Mojada,Noche,NO,Lluvia,Lluvia,Sin Semáforo,Automóvil
870,49601,2019-05-11,07:10:00,Urbana,Calle,NECOCHEA,1700,REPUBLICA DEL LIBANO,-2.748.006,-5.883.006,2,0,0,2,0,Colisión entre vehículos,2,Asfalto,Apto,Seca,Día,NO,Despejado,Buena,Sin Semáforo,Automóvil
871,49601,2019-05-11,07:10:00,Urbana,Calle,NECOCHEA,1700,REPUBLICA DEL LIBANO,-2.748.006,-5.883.006,2,0,0,2,0,Colisión entre vehículos,2,Asfalto,Apto,Seca,Día,NO,Despejado,Buena,Sin Semáforo,Motocicleta
872,49541,2019-05-11,16:35:00,Urbana,Avenida,AVENIDA INDEPENDENCIA,5900,,-2.748.398,-5.878.655,3,1,0,2,0,Colisión entre vehículos,2,Hormigón,Apto,Seca,Día,NO,Despejado,Buena,Sin Semáforo,Motocicleta
873,49541,2019-05-11,16:35:00,Urbana,Avenida,AVENIDA INDEPENDENCIA,5900,,-2.748.398,-5.878.655,3,1,0,2,0,Colisión entre vehículos,2,Hormigón,Apto,Seca,Día,NO,Despejado,Buena,Sin Semáforo,Automóvil
874,62903,2019-05-10,17:55:00,Urbana,Avenida,AV INDEPENDENCIA,3000,AV CHACABUCO,-2.747.850,-5.881.471,2,1,0,2,0,Colisión entre vehículos,2,Hormigón,Apto,"Despejada, Seca",Día,NO,Despejado,Buena,Funciona,Motocicleta
875,62903,2019-05-10,17:55:00,Urbana,Avenida,AV INDEPENDENCIA,3000,AV CHACABUCO,-2.747.850,-5.881.471,2,1,0,2,0,Colisión entre vehículos,2,Hormigón,Apto,"Despejada, Seca",Día,NO,Despejado,Buena,Funciona,Bicicleta
876,49575,2019-05-10,00:50:00,Urbana,Avenida,AVENIDA INDEPENDENCIA,3500,GUEMES,-2.747.942,-5.880.754,2,0,0,2,0,Colisión entre vehículos,2,Hormigón,Apto,Seca,Noche,SI,Despejado,Buena,Funciona,Motocicleta
877,49575,2019-05-10,00:50:00,Urbana,Avenida,AVENIDA INDEPENDENCIA,3500,GUEMES,-2.747.942,-5.880.754,2,0,0,2,0,Colisión entre vehículos,2,Hormigón,Apto,Seca,Noche,SI,Despejado,Buena,Funciona,Motocicleta
878,52307,2019-05-10,12:36:00,Urbana,Avenida,AV INDEPENDENCIA,3000,AV CHACBUCO,-2.747.842,-5.881.465,2,0,0,2,0,Colisión entre vehículos,2,Hormigón,Apto,Seca,Día,NO,Despejado,Buena,Funciona,Automóvil
879,52307,2019-05-10,12:36:00,Urbana,Avenida,AV INDEPENDENCIA,3000,AV CHACBUCO,-2.747.842,-5.881.465,2,0,0,2,0,Colisión entre vehículos,2,Hormigón,Apto,Seca,Día,NO,Despejado,Buena,Funciona,Automóvil
880,53779,2019-05-10,08:00:00,Urbana,Calle,HEROES CIVILES,1000,PERUGORRIA,-2.747.970,-5.883.959,2,0,0,2,0,Colisión entre vehículos,2,Hormigón,Apto,"Despejada, Seca",Día,SI,Despejado,Buena,Sin Semáforo,Motocicleta
881,53779,2019-05-10,08:00:00,Urbana,Calle,HEROES CIVILES,1000,PERUGORRIA,-2.747.970,-5.883.959,2,0,0,2,0,Colisión entre vehículos,2,Hormigón,Apto,"Despejada, Seca",Día,SI,Despejado,Buena,Sin Semáforo,Automóvil
882,56121,2019-05-09,23:10:00,Urbana,Avenida,FRANCIA,3450,CARTAGENA,-2.749.270,-5.881.290,0,1,0,1,0,Despiste,1,Asfalto,Baches,Seca,Noche,SI,Despejado,Buena,Sin Semáforo,Motocicleta
883,49291,2019-05-08,07:15:00,Urbana,Calle,LA MADRID,1100,PIO XII,-2.748.184,-5.883.728,2,0,0,2,0,Colisión entre vehículos,2,Asfalto,,Seca,Día,NO,Despejado,Buena,Sin Semáforo,Automóvil
884,49291,2019-05-08,07:15:00,Urbana,Calle,LA MADRID,1100,PIO XII,-2.748.184,-5.883.728,2,0,0,2,0,Colisión entre vehículos,2,Asfalto,,Seca,Día,NO,Despejado,Buena,Sin Semáforo,Automóvil
885,49426,2019-05-07,18:20:00,Urbana,Avenida,AVENIDA RAUL ALFONSIN,4200,LAS PIEDRAS,-2.747.466,-5.879.973,1,1,0,2,0,Colisión entre vehículos,2,Asfalto,Apto,Seca,Día,NO,Despejado,Buena,Intermitente,Automóvil
886,49426,2019-05-07,18:20:00,Urbana,Avenida,AVENIDA RAUL ALFONSIN,4200,LAS PIEDRAS,-2.747.466,-5.879.973,1,1,0,2,0,Colisión entre vehículos,2,Asfalto,Apto,Seca,Día,NO,Despejado,Buena,Intermitente,Motocicleta
887,49448,2019-05-07,20:30:00,Urbana,Calle,TURIN,3500,PALERMO,-2.749.811,-5.878.479,0,2,0,2,0,Colisión entre vehículos,2,Asfalto,Apto,Seca,Noche,SI,Despejado,Buena,Sin Semáforo,Motocicleta
888,49448,2019-05-07,20:30:00,Urbana,Calle,TURIN,3500,PALERMO,-2.749.811,-5.878.479,0,2,0,2,0,Colisión entre vehículos,2,Asfalto,Apto,Seca,Noche,SI,Despejado,Buena,Sin Semáforo,Motocicleta
889,49461,2019-05-06,16:30:00,Urbana,Avenida,AV PATAGONIA,2000,2 DE abril,-2.749.200,-5.882.794,1,1,0,1,1,Colisión entre vehículos,2,Hormigón,Apto,Mojada,Día,NO,Lluvia,Buena,Sin Semáforo,Automóvil
890,49461,2019-05-06,16:30:00,Urbana,Avenida,AV PATAGONIA,2000,2 DE abril,-2.749.200,-5.882.794,1,1,0,1,1,Colisión entre vehículos,2,Hormigón,Apto,Mojada,Día,NO,Lluvia,Buena,Sin Semáforo,Peatón
891,55393,2019-05-04,10:30:00,Urbana,Avenida,PAISANDU,3000,AVENIDA ALTA GRACIA,-2.750.964,-5.882.651,0,1,0,1,0,Despiste,1,Hormigón,Apto,Seca,Día,NO,Despejado,Buena,Sin Semáforo,Motocicleta
892,49582,2019-05-04,12:40:00,Urbana,Avenida,SARMIENTO,1200,RAFAELA,-2.749.629,-5.883.240,1,1,0,2,0,Colisión entre vehículos,2,Asfalto,Apto,Seca,Día,NO,Despejado,Buena,Sin Semáforo,Automóvil
893,49582,2019-05-04,12:40:00,Urbana,Avenida,SARMIENTO,1200,RAFAELA,-2.749.629,-5.883.240,1,1,0,2,0,Colisión entre vehículos,2,Asfalto,Apto,Seca,Día,NO,Despejado,Buena,Sin Semáforo,Motocicleta
894,62889,2019-05-04,15:30:00,Urbana,Ruta Provincial,5,KM2,,-2.748.475,-5.877.840,1,1,0,2,0,Colisión entre vehículos,2,Asfalto,Apto,Seca,Día,NO,Nublado,Buena,No Funciona,Transporte de carga
895,62889,2019-05-04,15:30:00,Urbana,Ruta Provincial,5,KM2,,-2.748.475,-5.877.840,1,1,0,2,0,Colisión entre vehículos,2,Asfalto,Apto,Seca,Día,NO,Nublado,Buena,No Funciona,Motocicleta
896,49394,2019-05-02,15:25:00,Urbana,Calle,MEDRANO,4400,LARREA,-2.749.134,-5.879.967,1,2,0,2,0,Colisión entre vehículos,2,Asfalto,Apto,Seca,Día,NO,Despejado,Buena,Sin Semáforo,Motocicleta
897,49394,2019-05-02,15:25:00,Urbana,Calle,MEDRANO,4400,LARREA,-2.749.134,-5.879.967,1,2,0,2,0,Colisión entre vehículos,2,Asfalto,Apto,Seca,Día,NO,Despejado,Buena,Sin Semáforo,Camioneta/Utilitario
898,49522,2019-05-02,13:10:00,Urbana,Calle,QUINTANA,1500,SAN LORENZO,-2.746.353,-5.883.127,1,2,0,2,0,Colisión entre vehículos,2,Hormigón,Apto,Seca,Día,NO,Despejado,Buena,Sin Semáforo,Automóvil
899,49522,2019-05-02,13:10:00,Urbana,Calle,QUINTANA,1500,SAN LORENZO,-2.746.353,-5.883.127,1,2,0,2,0,Colisión entre vehículos,2,Hormigón,Apto,Seca,Día,NO,Despejado,Buena,Sin Semáforo,Motocicleta
900,49377,2019-05-01,20:40:00,Urbana,Avenida,AV ARTIGAS,1200,,-2.747.267,-5.881.889,1,2,0,1,1,Atropello a peatón/es,2,Asfalto,Apto,Seca,Noche,NO,Despejado,Buena,Sin Semáforo,Motocicleta
901,49377,2019-05-01,20:40:00,Urbana,Avenida,AV ARTIGAS,1200,,-2.747.267,-5.881.889,1,2,0,1,1,Atropello a peatón/es,2,Asfalto,Apto,Seca,Noche,NO,Despejado,Buena,Sin Semáforo,Peatón
902,64874,2019-05-01,13:30:00,Urbana,Avenida,4 CENTENARIO,2400,,-2.749.461,-5.883.813,1,1,0,2,0,Colisión entre vehículos,2,Hormigón,Apto,Seca,Día,NO,Despejado,Buena,Sin Semáforo,Camioneta/Utilitario
903,64874,2019-05-01,13:30:00,Urbana,Avenida,4 CENTENARIO,2400,,-2.749.461,-5.883.813,1,1,0,2,0,Colisión entre vehículos,2,Hormigón,Apto,Seca,Día,NO,Despejado,Buena,Sin Semáforo,Motocicleta
904,49616,2019-05-01,09:25:00,Urbana,Avenida,AVENIDA MAIPU,1200,AVENIDA LA PAZ,-2.748.444,-5.882.492,1,2,0,2,0,Colisión entre vehículos,2,Asfalto,Apto,Seca,Día,NO,Despejado,Buena,Funciona,Automóvil
905,49616,2019-05-01,09:25:00,Urbana,Avenida,AVENIDA MAIPU,1200,AVENIDA LA PAZ,-2.748.444,-5.882.492,1,2,0,2,0,Colisión entre vehículos,2,Asfalto,Apto,Seca,Día,NO,Despejado,Buena,Funciona,Motocicleta
906,67699,2019-05-01,10:34:00,Urbana,Avenida,AV ARTIGAS,1200,BOLIVAR,-2.747.270,-5.881.891,1,1,0,2,0,Choque,2,Asfalto,Apto,Seca,Día,NO,Despejado,,,Motocicleta
907,67699,2019-05-01,10:34:00,Urbana,Avenida,AV ARTIGAS,1200,BOLIVAR,-2.747.270,-5.881.891,1,1,0,2,0,Choque,2,Asfalto,Apto,Seca,Día,NO,Despejado,,,Bicicleta
908,49430,2019-04-30,15:50:00,Urbana,Calle,CATAMARCA,1400,SAN MARTIN,-2.747.013,-5.883.333,1,2,0,2,0,Colisión entre vehículos,2,Asfalto,Apto,"Despejada, Seca",Día,NO,Despejado,Buena,Sin Semáforo,Motocicleta
909,49430,2019-04-30,15:50:00,Urbana,Calle,CATAMARCA,1400,SAN MARTIN,-2.747.013,-5.883.333,1,2,0,2,0,Colisión entre vehículos,2,Asfalto,Apto,"Despejada, Seca",Día,NO,Despejado,Buena,Sin Semáforo,Automóvil
910,49234,2019-04-29,17:20:00,Urbana,Avenida,AV. JUAN PABLO,1700,,-2.747.462,-5.885.570,0,2,0,1,1,Colisión entre vehículos,2,Hormigón,Apto,Despejada,Día,,Despejado,Buena,Sin Semáforo,Motocicleta
911,49234,2019-04-29,17:20:00,Urbana,Avenida,AV. JUAN PABLO,1700,,-2.747.462,-5.885.570,0,2,0,1,1,Colisión entre vehículos,2,Hormigón,Apto,Despejada,Día,,Despejado,Buena,Sin Semáforo,Peatón
912,49241,2019-04-29,18:15:00,Rural,Ruta Nacional,12,1035,1035,-2.745.188,-5.875.548,1,1,0,2,0,Colisión entre vehículos,2,,Apto,"Despejada, Seca",Día,NO,Despejado,Buena,Sin Semáforo,Automóvil
913,49241,2019-04-29,18:15:00,Rural,Ruta Nacional,12,1035,1035,-2.745.188,-5.875.548,1,1,0,2,0,Colisión entre vehículos,2,,Apto,"Despejada, Seca",Día,NO,Despejado,Buena,Sin Semáforo,Motocicleta
914,49537,2019-04-29,14:40:00,Urbana,Calle,RIVADAVIA,1700,ESPAÑA,-2.747.508,-5.883.006,1,1,0,2,0,Colisión entre vehículos,2,Hormigón,Apto,Seca,Día,,Despejado,Buena,Sin Semáforo,Motocicleta
915,49537,2019-04-29,14:40:00,Urbana,Calle,RIVADAVIA,1700,ESPAÑA,-2.747.508,-5.883.006,1,1,0,2,0,Colisión entre vehículos,2,Hormigón,Apto,Seca,Día,,Despejado,Buena,Sin Semáforo,Automóvil
916,53352,2019-04-28,13:40:00,Urbana,Avenida,AV RAUL ALFONSIN,4400,MEDRANO,-2.747.528,-5.879.711,1,0,1,2,0,Colisión entre vehículos,2,Hormigón,Apto,Seca,Día,NO,Despejado,Buena,Funciona,Bicicleta
917,53352,2019-04-28,13:40:00,Urbana,Avenida,AV RAUL ALFONSIN,4400,MEDRANO,-2.747.528,-5.879.711,1,0,1,2,0,Colisión entre vehículos,2,Hormigón,Apto,Seca,Día,NO,Despejado,Buena,Funciona,Transporte de pasajeros
918,49206,2019-04-28,08:52:00,Urbana,Calle,H YRIGOYEN,1900,PARAGUAY,-2.746.960,-5.882.674,1,1,0,2,0,Colisión entre vehículos,2,Asfalto,Apto,Seca,Día,NO,Nublado,Buena,Sin Semáforo,Motocicleta
919,49206,2019-04-28,08:52:00,Urbana,Calle,H YRIGOYEN,1900,PARAGUAY,-2.746.960,-5.882.674,1,1,0,2,0,Colisión entre vehículos,2,Asfalto,Apto,Seca,Día,NO,Nublado,Buena,Sin Semáforo,Motocicleta
920,49219,2019-04-28,12:20:00,Urbana,Calle,MEDRANO,1500,BRAILE,-2.748.031,-5.879.821,2,0,0,2,0,Colisión entre vehículos,2,Asfalto,Apto,Seca,Día,,Despejado,Buena,Sin Semáforo,Automóvil
921,49219,2019-04-28,12:20:00,Urbana,Calle,MEDRANO,1500,BRAILE,-2.748.031,-5.879.821,2,0,0,2,0,Colisión entre vehículos,2,Asfalto,Apto,Seca,Día,,Despejado,Buena,Sin Semáforo,Automóvil
922,58565,2019-04-27,05:40:00,Urbana,Calle,PERRUGORRIA,798,GDOR. CASTILLO,-2.748.353,-5.884.286,1,1,0,2,0,Colisión entre vehículos,2,Asfalto,Apto,,Día,NO,Despejado,Buena,Sin Semáforo,Automóvil
923,58565,2019-04-27,05:40:00,Urbana,Calle,PERRUGORRIA,798,GDOR. CASTILLO,-2.748.353,-5.884.286,1,1,0,2,0,Colisión entre vehículos,2,Asfalto,Apto,,Día,NO,Despejado,Buena,Sin Semáforo,Motocicleta
924,54949,2019-04-26,09:00:00,Urbana,Avenida,AVENIA ARMENIA,4400,GUIRALDES,-2.746.830,-5.879.655,1,1,0,2,0,Colisión entre vehículos,2,Asfalto,Apto,Seca,Día,NO,Despejado,Buena,Sin Semáforo,Motocicleta
925,54949,2019-04-26,09:00:00,Urbana,Avenida,AVENIA ARMENIA,4400,GUIRALDES,-2.746.830,-5.879.655,1,1,0,2,0,Colisión entre vehículos,2,Asfalto,Apto,Seca,Día,NO,Despejado,Buena,Sin Semáforo,Camioneta/Utilitario
926,68758,2019-04-26,07:10:00,Urbana,Avenida,CARTAGENA,2400,FRONDIZI,-2.749.632,-5.880.027,0,1,0,1,0,Caída desde vehículo,1,Asfalto,Apto,Despejada,Día,NO,Despejado,Buena,Sin Semáforo,Motocicleta
927,49298,2019-04-26,15:35:00,Urbana,Calle,REPUBLICA DOMINICANA,3400,RAUL ALFONSIN,-2.747.196,-5.880.952,2,0,0,2,0,Colisión entre vehículos,2,Hormigón,Apto,"Despejada, Seca",Día,NO,Nublado,Buena,Funciona,Motocicleta
928,49298,2019-04-26,15:35:00,Urbana,Calle,REPUBLICA DOMINICANA,3400,RAUL ALFONSIN,-2.747.196,-5.880.952,2,0,0,2,0,Colisión entre vehículos,2,Hormigón,Apto,"Despejada, Seca",Día,NO,Nublado,Buena,Funciona,Motocicleta
929,49310,2019-04-25,11:00:00,Urbana,Calle,LA PRIDA,900,MISTRAL,-2.746.996,-5.878.762,2,0,0,2,0,Colisión entre vehículos,2,Asfalto,Apto,Seca,Día,NO,Despejado,Buena,Sin Semáforo,Automóvil
930,49310,2019-04-25,11:00:00,Urbana,Calle,LA PRIDA,900,MISTRAL,-2.746.996,-5.878.762,2,0,0,2,0,Colisión entre vehículos,2,Asfalto,Apto,Seca,Día,NO,Despejado,Buena,Sin Semáforo,Motocicleta
931,49362,2019-04-25,08:10:00,Urbana,Avenida,AVENIDA INDEPENDENCIA,3400,DOMINICANA,-2.747.900,-5.881.132,7,0,0,4,0,Colisión entre vehículos,4,Asfalto,Apto,Seca,Día,NO,Despejado,Buena,Funciona,Camioneta/Utilitario
932,49362,2019-04-25,08:10:00,Urbana,Avenida,AVENIDA INDEPENDENCIA,3400,DOMINICANA,-2.747.900,-5.881.132,7,0,0,4,0,Colisión entre vehículos,4,Asfalto,Apto,Seca,Día,NO,Despejado,Buena,Funciona,Camioneta/Utilitario
933,49362,2019-04-25,08:10:00,Urbana,Avenida,AVENIDA INDEPENDENCIA,3400,DOMINICANA,-2.747.900,-5.881.132,7,0,0,4,0,Colisión entre vehículos,4,Asfalto,Apto,Seca,Día,NO,Despejado,Buena,Funciona,Automóvil
934,49362,2019-04-25,08:10:00,Urbana,Avenida,AVENIDA INDEPENDENCIA,3400,DOMINICANA,-2.747.900,-5.881.132,7,0,0,4,0,Colisión entre vehículos,4,Asfalto,Apto,Seca,Día,NO,Despejado,Buena,Funciona,Automóvil
935,49501,2019-04-25,16:05:00,Urbana,Avenida,AVENIDA N. AVELLANEDA,5200,MONTECARLO,-2.748.817,-5.879.531,1,1,0,2,0,Colisión entre vehículos,2,Asfalto,Apto,Seca,Día,NO,Despejado,Buena,Sin Semáforo,Automóvil
936,49501,2019-04-25,16:05:00,Urbana,Avenida,AVENIDA N. AVELLANEDA,5200,MONTECARLO,-2.748.817,-5.879.531,1,1,0,2,0,Colisión entre vehículos,2,Asfalto,Apto,Seca,Día,NO,Despejado,Buena,Sin Semáforo,Motocicleta
937,56150,2019-04-25,14:05:00,Urbana,Avenida,AVENIDA ALFONSIN,3600,AVENIDA POMAR,-2.747.276,-5.880.625,2,0,0,2,0,Colisión entre vehículos,2,Asfalto,Apto,Seca,Día,NO,Despejado,Buena,Sin Semáforo,Automóvil
938,56150,2019-04-25,14:05:00,Urbana,Avenida,AVENIDA ALFONSIN,3600,AVENIDA POMAR,-2.747.276,-5.880.625,2,0,0,2,0,Colisión entre vehículos,2,Asfalto,Apto,Seca,Día,NO,Despejado,Buena,Sin Semáforo,Motocicleta
939,49331,2019-04-24,08:30:00,Urbana,Avenida,AVENIDA INDEPENDENCIA,3975,SAENZ,-2.748.273,-5.879.359,0,1,0,1,0,Colisión entre vehículos,1,Hormigón,Apto,Seca,Día,NO,Despejado,Buena,Funciona,Motocicleta
940,49453,2019-04-24,09:20:00,Urbana,Calle,MEXICO,2800,QUINTANA,-2.746.350,-5.881.372,1,1,0,2,0,Colisión entre vehículos,2,Hormigón,Apto,"Despejada, Seca",Día,NO,Despejado,Buena,Sin Semáforo,Automóvil
941,49453,2019-04-24,09:20:00,Urbana,Calle,MEXICO,2800,QUINTANA,-2.746.350,-5.881.372,1,1,0,2,0,Colisión entre vehículos,2,Hormigón,Apto,"Despejada, Seca",Día,NO,Despejado,Buena,Sin Semáforo,Motocicleta
942,49509,2019-04-23,09:00:00,Urbana,Avenida,COSQUIN,2200,AV PAISANDU,-2.749.472,-5.882.472,1,1,0,2,0,Colisión entre vehículos,2,Asfalto,Apto,Mojada,Día,NO,Lluvia,Buena,Sin Semáforo,Motocicleta
943,49509,2019-04-23,09:00:00,Urbana,Avenida,COSQUIN,2200,AV PAISANDU,-2.749.472,-5.882.472,1,1,0,2,0,Colisión entre vehículos,2,Asfalto,Apto,Mojada,Día,NO,Lluvia,Buena,Sin Semáforo,Motocicleta
944,62833,2019-04-23,05:10:00,Urbana,Calle,BUENOS AIRES,1334,,-2.747.206,-5.884.096,1,0,0,1,0,Choque,1,Asfalto,Apto,Seca,Noche,SI,Despejado,Buena,Sin Semáforo,Automóvil
945,67480,2019-04-23,07:40:00,Urbana,Calle,ACONCAGUA,3000,TILCARA,-2.750.007,-5.881.937,0,1,0,1,0,Colisión entre vehículos,1,Asfalto,Apto,Seca,Día,NO,Despejado,,Sin Semáforo,Motocicleta
946,49239,2019-04-23,17:30:00,Urbana,Calle,ESPAÑA,1700,BOLIVAR,-2.747.165,-5.882.962,2,0,0,2,0,Colisión entre vehículos,2,Asfalto,Apto,"Despejada, Seca",Día,NO,,Buena,Sin Semáforo,Automóvil
947,49239,2019-04-23,17:30:00,Urbana,Calle,ESPAÑA,1700,BOLIVAR,-2.747.165,-5.882.962,2,0,0,2,0,Colisión entre vehículos,2,Asfalto,Apto,"Despejada, Seca",Día,NO,,Buena,Sin Semáforo,Motocicleta
948,49434,2019-04-22,08:37:00,Urbana,Avenida,COMODORO RIVADAVIA,3100,AVENIDA CUARTO CENTENARIO,-2.748.981,-5.883.807,1,2,0,2,0,Colisión entre vehículos,2,Asfalto,Apto,Seca,Día,NO,Despejado,Buena,Sin Semáforo,Motocicleta
949,49434,2019-04-22,08:37:00,Urbana,Avenida,COMODORO RIVADAVIA,3100,AVENIDA CUARTO CENTENARIO,-2.748.981,-5.883.807,1,2,0,2,0,Colisión entre vehículos,2,Asfalto,Apto,Seca,Día,NO,Despejado,Buena,Sin Semáforo,Automóvil
950,49226,2019-04-22,22:23:00,Urbana,Calle,9 DE julio,1700,ESPAÑA,-2.746.704,-5.882.913,1,1,0,2,0,Colisión entre vehículos,2,Asfalto,Apto,Despejada,Noche,SI,Despejado,Buena,Sin Semáforo,Camioneta/Utilitario
951,49226,2019-04-22,22:23:00,Urbana,Calle,9 DE julio,1700,ESPAÑA,-2.746.704,-5.882.913,1,1,0,2,0,Colisión entre vehículos,2,Asfalto,Apto,Despejada,Noche,SI,Despejado,Buena,Sin Semáforo,Motocicleta
952,49300,2019-04-21,19:35:00,Urbana,Calle,CARTAGENA,3201,MEDRANO,-2.749.635,-5.880.030,2,0,0,2,0,Colisión entre vehículos,2,Hormigón,Apto,"Despejada, Seca",Noche,SI,Despejado,Buena,Sin Semáforo,Automóvil
953,49300,2019-04-21,19:35:00,Urbana,Calle,CARTAGENA,3201,MEDRANO,-2.749.635,-5.880.030,2,0,0,2,0,Colisión entre vehículos,2,Hormigón,Apto,"Despejada, Seca",Noche,SI,Despejado,Buena,Sin Semáforo,Motocicleta
954,49571,2019-04-19,05:47:00,Urbana,Ruta Provincial,5,3  1/2,,-2.749.046,-5.875.630,2,0,0,2,0,Colisión entre vehículos,2,Asfalto,Apto,Seca,Amanecer,SI,Despejado,Buena,Sin Semáforo,Automóvil
955,49571,2019-04-19,05:47:00,Urbana,Ruta Provincial,5,3  1/2,,-2.749.046,-5.875.630,2,0,0,2,0,Colisión entre vehículos,2,Asfalto,Apto,Seca,Amanecer,SI,Despejado,Buena,Sin Semáforo,Transporte de pasajeros