,id_feu,siniestro_fecha,siniestro_hora,zona_ocurrencia,via_publica,nombre_via,altura_km,entre_calle_1,latitud,longitud,ilesos,heridos,fallecidos,vehiculos,peatones,tipo_siniestro_unico,cantidad_de_involucrados,material_de_la_calzada,estado_de_la_calzada,estado_fisico_ambiental,luminosidad,luz_artificial,estado_ambiental,visibilidad,semaforo,tipo_involucrado
956,58994,2019-04-18,11:30:00,Rural,Ruta Provincial,5,KM 6,CALLE 107,-2.748.896,-5.876.084,1,1,0,2,0,Colisión entre vehículos,2,Asfalto,Apto,Seca,Día,NO,Despejado,Buena,Sin Semáforo,Automóvil
957,58994,2019-04-18,11:30:00,Rural,Ruta Provincial,5,KM 6,CALLE 107,-2.748.896,-5.876.084,1,1,0,2,0,Colisión entre vehículos,2,Asfalto,Apto,Seca,Día,NO,Despejado,Buena,Sin Semáforo,Motocicleta
958,67708,2019-04-18,11:30:00,Urbana,Calle,LAVALLE,671,GUSTAVINO,-2.747.627,-5.884.317,1,0,0,1,0,Despiste,1,Asfalto,Apto,Seca,Día,NO,Despejado,Buena,Sin Semáforo,Automóvil
959,49433,2019-04-18,17:50:00,Urbana,Calle,GUTEMBERG,1800,GENERAL PAZ,-2.747.885,-5.883.175,1,1,0,2,0,Colisión entre vehículos,2,Asfalto,Apto,Seca,Día,NO,Despejado,Buena,Sin Semáforo,Motocicleta
960,49433,2019-04-18,17:50:00,Urbana,Calle,GUTEMBERG,1800,GENERAL PAZ,-2.747.885,-5.883.175,1,1,0,2,0,Colisión entre vehículos,2,Asfalto,Apto,Seca,Día,NO,Despejado,Buena,Sin Semáforo,Camioneta/Utilitario
961,49367,2019-04-18,18:40:00,Urbana,Calle,BELGRANO,2100,ROCA,-2.747.341,-5.882.333,1,1,0,1,1,Atropello a peatón/es,2,Asfalto,Apto,Seca,Día,NO,Despejado,Buena,Sin Semáforo,Motocicleta
962,49367,2019-04-18,18:40:00,Urbana,Calle,BELGRANO,2100,ROCA,-2.747.341,-5.882.333,1,1,0,1,1,Atropello a peatón/es,2,Asfalto,Apto,Seca,Día,NO,Despejado,Buena,Sin Semáforo,Peatón
963,64842,2019-04-17,16:00:00,Urbana,Calle,PIROVANO,2000,LAS HERAS,-2.748.447,-5.880.591,2,0,0,2,0,Colisión entre vehículos,2,Asfalto,Apto,Seca,Día,NO,Despejado,Buena,Sin Semáforo,Motocicleta
964,64842,2019-04-17,16:00:00,Urbana,Calle,PIROVANO,2000,LAS HERAS,-2.748.447,-5.880.591,2,0,0,2,0,Colisión entre vehículos,2,Asfalto,Apto,Seca,Día,NO,Despejado,Buena,Sin Semáforo,Automóvil
965,58987,2019-04-17,13:35:00,Rural,Ruta Nacional,12,1030,,-2.747.401,-5.878.175,1,1,0,2,0,Colisión entre vehículos,2,Asfalto,Apto,Seca,Día,NO,Despejado,Buena,Sin Semáforo,Automóvil
966,58987,2019-04-17,13:35:00,Rural,Ruta Nacional,12,1030,,-2.747.401,-5.878.175,1,1,0,2,0,Colisión entre vehículos,2,Asfalto,Apto,Seca,Día,NO,Despejado,Buena,Sin Semáforo,Motocicleta
967,67514,2019-04-16,15:49:00,Urbana,Avenida,LA PAZ,2100,VIEDMA,-2.748.846,-5.882.566,2,0,0,2,0,Colisión entre vehículos,2,Asfalto,Apto,Seca,Día,NO,Despejado,Buena,Sin Semáforo,Automóvil
968,67514,2019-04-16,15:49:00,Urbana,Avenida,LA PAZ,2100,VIEDMA,-2.748.846,-5.882.566,2,0,0,2,0,Colisión entre vehículos,2,Asfalto,Apto,Seca,Día,NO,Despejado,Buena,Sin Semáforo,Motocicleta
969,49288,2019-04-16,18:00:00,Urbana,Avenida,AV MEDRANO,4300,CARTAGENA,-2.749.653,-5.880.052,1,1,0,1,1,Colisión entre vehículos,2,Hormigón,Apto,Seca,Día,NO,Despejado,Buena,Sin Semáforo,Motocicleta
970,49288,2019-04-16,18:00:00,Urbana,Avenida,AV MEDRANO,4300,CARTAGENA,-2.749.653,-5.880.052,1,1,0,1,1,Colisión entre vehículos,2,Hormigón,Apto,Seca,Día,NO,Despejado,Buena,Sin Semáforo,Peatón
971,49447,2019-04-16,01:05:00,Urbana,Calle,TUCUMAN,1200,BELGRANO,-2.747.161,-5.884.192,0,1,0,1,0,Caída desde vehículo,1,Asfalto,Apto,Seca,Noche,SI,Despejado,Buena,Sin Semáforo,Motocicleta
972,49563,2019-04-15,09:40:00,Urbana,Avenida,AVENIDA PUJOL,700,PELLEGRINI,-2.746.646,-5.882.368,1,1,0,2,0,Colisión entre vehículos,2,Hormigón,Apto,Seca,Día,NO,Despejado,Buena,Sin Semáforo,Automóvil
973,49563,2019-04-15,09:40:00,Urbana,Avenida,AVENIDA PUJOL,700,PELLEGRINI,-2.746.646,-5.882.368,1,1,0,2,0,Colisión entre vehículos,2,Hormigón,Apto,Seca,Día,NO,Despejado,Buena,Sin Semáforo,Motocicleta
974,53722,2019-04-15,17:35:00,Urbana,Avenida,AVENIDA LIBERTAD,5900,RUTA 12,-2.746.142,-5.876.809,1,1,0,2,0,Colisión entre vehículos,2,Asfalto,Apto,"Despejada, Seca",Día,NO,Despejado,Buena,Funciona,Automóvil
975,53722,2019-04-15,17:35:00,Urbana,Avenida,AVENIDA LIBERTAD,5900,RUTA 12,-2.746.142,-5.876.809,1,1,0,2,0,Colisión entre vehículos,2,Asfalto,Apto,"Despejada, Seca",Día,NO,Despejado,Buena,Funciona,Motocicleta
976,62291,2019-04-15,06:30:00,Urbana,Avenida,MAIPU,5000,TILCARA,-2.750.192,-5.881.289,2,0,0,2,0,Colisión entre vehículos,2,Asfalto,Apto,Seca,Día,NO,Despejado,Buena,Funciona,Automóvil
977,62291,2019-04-15,06:30:00,Urbana,Avenida,MAIPU,5000,TILCARA,-2.750.192,-5.881.289,2,0,0,2,0,Colisión entre vehículos,2,Asfalto,Apto,Seca,Día,NO,Despejado,Buena,Funciona,Camioneta/Utilitario
978,49470,2019-04-14,10:45:00,Urbana,Avenida,AVENIDA RAUL ALFONSIN,5500,,-2.747.778,-5.878.510,3,1,0,2,0,Colisión entre vehículos,2,Hormigón,Apto,Seca,Día,NO,Despejado,Buena,Sin Semáforo,Motocicleta
979,49470,2019-04-14,10:45:00,Urbana,Avenida,AVENIDA RAUL ALFONSIN,5500,,-2.747.778,-5.878.510,3,1,0,2,0,Colisión entre vehículos,2,Hormigón,Apto,Seca,Día,NO,Despejado,Buena,Sin Semáforo,Automóvil
980,53734,2019-04-13,18:20:00,Urbana,Avenida,AV. RAUL ALFONSIN,4700,QUINQUELA MARTIN,-2.747.588,-5.879.368,3,0,0,2,0,Colisión entre vehículos,2,Hormigón,Apto,"Despejada, Seca",Día,NO,Despejado,Buena,Sin Semáforo,Motocicleta
981,53734,2019-04-13,18:20:00,Urbana,Avenida,AV. RAUL ALFONSIN,4700,QUINQUELA MARTIN,-2.747.588,-5.879.368,3,0,0,2,0,Colisión entre vehículos,2,Hormigón,Apto,"Despejada, Seca",Día,NO,Despejado,Buena,Sin Semáforo,Automóvil
982,49466,2019-04-13,19:20:00,Urbana,Avenida,AV EL MAESTRO,1600,NUESTRA SEÑORA DE ASUNCION,-2.749.117,-5.881.981,2,0,0,2,0,Colisión entre vehículos,2,Asfalto,Apto,Seca,Noche,SI,Despejado,Buena,Funciona,Automóvil
983,49466,2019-04-13,19:20:00,Urbana,Avenida,AV EL MAESTRO,1600,NUESTRA SEÑORA DE ASUNCION,-2.749.117,-5.881.981,2,0,0,2,0,Colisión entre vehículos,2,Asfalto,Apto,Seca,Noche,SI,Despejado,Buena,Funciona,Motocicleta
984,49558,2019-04-13,07:30:00,Urbana,Avenida,MAIPU,2300,,-2.749.655,-5.881.669,1,1,0,2,0,Colisión entre vehículos,2,Asfalto,Apto,Mojada,Amanecer,SI,Nublado,,Sin Semáforo,Automóvil
985,49558,2019-04-13,07:30:00,Urbana,Avenida,MAIPU,2300,,-2.749.655,-5.881.669,1,1,0,2,0,Colisión entre vehículos,2,Asfalto,Apto,Mojada,Amanecer,SI,Nublado,,Sin Semáforo,Automóvil
986,55070,2019-04-13,10:00:00,Urbana,Calle,RIVADAVIA,1400,PARAGUAY,-2.747.528,-5.882.737,2,0,0,2,0,Colisión entre vehículos,2,Hormigón,Apto,Seca,Día,NO,Nublado,Buena,Sin Semáforo,Automóvil
987,55070,2019-04-13,10:00:00,Urbana,Calle,RIVADAVIA,1400,PARAGUAY,-2.747.528,-5.882.737,2,0,0,2,0,Colisión entre vehículos,2,Hormigón,Apto,Seca,Día,NO,Nublado,Buena,Sin Semáforo,Automóvil
988,62292,2019-04-13,16:00:00,Urbana,Calle,BOLIVAR,1700,ESPAÑA,-2.747.163,-5.882.958,3,0,0,2,0,Colisión entre vehículos,2,Hormigón,Apto,Seca,Día,NO,Despejado,Buena,Sin Semáforo,Automóvil
989,62292,2019-04-13,16:00:00,Urbana,Calle,BOLIVAR,1700,ESPAÑA,-2.747.163,-5.882.958,3,0,0,2,0,Colisión entre vehículos,2,Hormigón,Apto,Seca,Día,NO,Despejado,Buena,Sin Semáforo,Motocicleta
990,49432,2019-04-13,17:45:00,Urbana,Avenida,AVENIDA MAIPU,1100,HONDURAS,-2.748.535,-5.882.380,2,0,0,2,0,Colisión entre vehículos,2,Asfalto,Apto,"Despejada, Seca",Día,NO,Despejado,,Sin Semáforo,Automóvil
991,49432,2019-04-13,17:45:00,Urbana,Avenida,AVENIDA MAIPU,1100,HONDURAS,-2.748.535,-5.882.380,2,0,0,2,0,Colisión entre vehículos,2,Asfalto,Apto,"Despejada, Seca",Día,NO,Despejado,,Sin Semáforo,Automóvil
992,53390,2019-04-13,10:20:00,Urbana,Calle,SALTA,1000,SAN MARTIN,-2.746.954,-5.883.931,1,1,0,2,0,Colisión entre vehículos,2,Hormigón,Apto,Seca,Día,NO,Nublado,,Sin Semáforo,Automóvil
993,53390,2019-04-13,10:20:00,Urbana,Calle,SALTA,1000,SAN MARTIN,-2.746.954,-5.883.931,1,1,0,2,0,Colisión entre vehículos,2,Hormigón,Apto,Seca,Día,NO,Nublado,,Sin Semáforo,Bicicleta
994,58997,2019-04-13,06:05:00,Urbana,Avenida,JUAN TORRES DE VERA A.,1199,MENDOZA,-2.746.116,-5.883.479,0,1,1,1,0,Despiste,1,Asfalto,Apto,Seca,Día,NO,Despejado,Buena,Sin Semáforo,Motocicleta
995,64844,2019-04-12,10:15:00,Urbana,Avenida,RAUL ALFONSIN,4100,,-2.747.428,-5.880.071,1,1,0,2,0,Colisión entre vehículos,2,Hormigón,,,Día,NO,Despejado,Buena,Sin Semáforo,Automóvil
996,64844,2019-04-12,10:15:00,Urbana,Avenida,RAUL ALFONSIN,4100,,-2.747.428,-5.880.071,1,1,0,2,0,Colisión entre vehículos,2,Hormigón,,,Día,NO,Despejado,Buena,Sin Semáforo,Motocicleta
997,62888,2019-04-12,11:00:00,Urbana,Avenida,ARTIGAS,1300,BOLIVAR,-2.747.277,-5.881.889,1,1,0,2,0,Colisión entre vehículos,2,Asfalto,Apto,Seca,Día,NO,Nublado,Buena,Funciona,Motocicleta
998,62888,2019-04-12,11:00:00,Urbana,Avenida,ARTIGAS,1300,BOLIVAR,-2.747.277,-5.881.889,1,1,0,2,0,Colisión entre vehículos,2,Asfalto,Apto,Seca,Día,NO,Nublado,Buena,Funciona,Automóvil
999,68740,2019-04-12,07:59:00,Urbana,Avenida,Av. Maipú,2600,Caribe,-2.749.894,-5.881.468,2,0,0,2,0,Colisión entre vehículos,2,Asfalto,Apto,Seca,Día,NO,Despejado,Buena,Funciona,Motocicleta
1000,68740,2019-04-12,07:59:00,Urbana,Avenida,Av. Maipú,2600,Caribe,-2.749.894,-5.881.468,2,0,0,2,0,Colisión entre vehículos,2,Asfalto,Apto,Seca,Día,NO,Despejado,Buena,Funciona,Automóvil
1001,49545,2019-04-11,18:30:00,Urbana,Calle,SAN MARTIN,1100,,-2.746.989,-5.883.585,2,0,0,2,0,Colisión entre vehículos,2,Asfalto,Apto,Seca,Atardecer,NO,Despejado,Buena,Sin Semáforo,Automóvil
1002,49545,2019-04-11,18:30:00,Urbana,Calle,SAN MARTIN,1100,,-2.746.989,-5.883.585,2,0,0,2,0,Colisión entre vehículos,2,Asfalto,Apto,Seca,Atardecer,NO,Despejado,Buena,Sin Semáforo,Automóvil
1003,54498,2019-04-11,14:45:00,Urbana,Avenida,AV GDOR RUIZ,2200,AV GDOR PUJOL,-2.746.676,-5.882.120,1,1,0,2,0,Colisión entre vehículos,2,Hormigón,Apto,"Despejada, Seca",Día,NO,Despejado,Buena,Sin Semáforo,Camioneta/Utilitario
1004,54498,2019-04-11,14:45:00,Urbana,Avenida,AV GDOR RUIZ,2200,AV GDOR PUJOL,-2.746.676,-5.882.120,1,1,0,2,0,Colisión entre vehículos,2,Hormigón,Apto,"Despejada, Seca",Día,NO,Despejado,Buena,Sin Semáforo,Motocicleta
1005,64865,2019-04-11,23:30:00,Urbana,Avenida,LAS HERAS,2374,,-2.748.223,-5.882.235,1,1,0,1,1,Atropello a peatón/es,2,Hormigón,Apto,Seca,Día,NO,Despejado,Buena,Sin Semáforo,Motocicleta
1006,64865,2019-04-11,23:30:00,Urbana,Avenida,LAS HERAS,2374,,-2.748.223,-5.882.235,1,1,0,1,1,Atropello a peatón/es,2,Hormigón,Apto,Seca,Día,NO,Despejado,Buena,Sin Semáforo,Peatón
1007,49450,2019-04-10,11:48:00,Urbana,Avenida,AVENIDA TENIENTE IBAÑEZ,3200,CONTE,-2.748.555,-5.883.526,0,2,0,2,0,Colisión entre vehículos,2,Asfalto,Apto,,Día,NO,Despejado,,Sin Semáforo,Motocicleta
1008,49450,2019-04-10,11:48:00,Urbana,Avenida,AVENIDA TENIENTE IBAÑEZ,3200,CONTE,-2.748.555,-5.883.526,0,2,0,2,0,Colisión entre vehículos,2,Asfalto,Apto,,Día,NO,Despejado,,Sin Semáforo,Motocicleta
1009,53244,2019-04-10,23:40:00,Urbana,Calle,RIO MIRIÑAY,4500,LOS TOBAS,-2.751.233,-5.881.526,3,0,0,2,0,Colisión entre vehículos,2,Tierra,Apto,Seca,Noche,SI,Despejado,Buena,Sin Semáforo,Camioneta/Utilitario
1010,53244,2019-04-10,23:40:00,Urbana,Calle,RIO MIRIÑAY,4500,LOS TOBAS,-2.751.233,-5.881.526,3,0,0,2,0,Colisión entre vehículos,2,Tierra,Apto,Seca,Noche,SI,Despejado,Buena,Sin Semáforo,Tracción a sangre
1011,53869,2019-04-10,12:30:00,Urbana,Avenida,AV ARMENIA,2800,AV CHACABUCO,-2.746.746,-5.881.184,2,0,0,2,0,Colisión entre vehículos,2,Asfalto,Apto,Seca,Día,NO,Despejado,Buena,Sin Semáforo,Automóvil
1012,53869,2019-04-10,12:30:00,Urbana,Avenida,AV ARMENIA,2800,AV CHACABUCO,-2.746.746,-5.881.184,2,0,0,2,0,Colisión entre vehículos,2,Asfalto,Apto,Seca,Día,NO,Despejado,Buena,Sin Semáforo,Automóvil
1013,54553,2019-04-09,09:05:00,Urbana,Calle,JUJUY,1800,25 DE mayo,-2.746.511,-5.882.755,1,1,0,2,0,Colisión entre vehículos,2,Hormigón,Apto,Seca,Día,NO,Despejado,Buena,Sin Semáforo,Motocicleta
1014,54553,2019-04-09,09:05:00,Urbana,Calle,JUJUY,1800,25 DE mayo,-2.746.511,-5.882.755,1,1,0,2,0,Colisión entre vehículos,2,Hormigón,Apto,Seca,Día,NO,Despejado,Buena,Sin Semáforo,Transporte de pasajeros
1015,49249,2019-04-09,19:30:00,Urbana,Calle,GUEMES,3600,GENARAL PAZ,-2.748.208,-5.880.799,1,1,0,2,0,Colisión entre vehículos,2,Asfalto,Apto,Seca,Atardecer,NO,Nublado,Buena,Sin Semáforo,Automóvil
1016,49249,2019-04-09,19:30:00,Urbana,Calle,GUEMES,3600,GENARAL PAZ,-2.748.208,-5.880.799,1,1,0,2,0,Colisión entre vehículos,2,Asfalto,Apto,Seca,Atardecer,NO,Nublado,Buena,Sin Semáforo,Motocicleta
1017,49283,2019-04-09,10:30:00,Urbana,Calle,BUENOS AIRES,700,CARLOS PELLEGRINI,-2.746.502,-5.884.037,4,0,0,4,0,Colisión entre vehículos,4,Asfalto,Apto,Seca,Día,NO,Despejado,Buena,Sin Semáforo,Automóvil
1018,49283,2019-04-09,10:30:00,Urbana,Calle,BUENOS AIRES,700,CARLOS PELLEGRINI,-2.746.502,-5.884.037,4,0,0,4,0,Colisión entre vehículos,4,Asfalto,Apto,Seca,Día,NO,Despejado,Buena,Sin Semáforo,Automóvil
1019,49283,2019-04-09,10:30:00,Urbana,Calle,BUENOS AIRES,700,CARLOS PELLEGRINI,-2.746.502,-5.884.037,4,0,0,4,0,Colisión entre vehículos,4,Asfalto,Apto,Seca,Día,NO,Despejado,Buena,Sin Semáforo,Automóvil
1020,49283,2019-04-09,10:30:00,Urbana,Calle,BUENOS AIRES,700,CARLOS PELLEGRINI,-2.746.502,-5.884.037,4,0,0,4,0,Colisión entre vehículos,4,Asfalto,Apto,Seca,Día,NO,Despejado,Buena,Sin Semáforo,Automóvil
1021,49595,2019-04-09,13:10:00,Urbana,Calle,ALVEAR,1940,,-2.746.043,-5.882.538,2,1,0,2,0,Colisión entre vehículos,2,Asfalto,Apto,Seca,Día,NO,Despejado,Buena,Sin Semáforo,Camioneta/Utilitario
1022,49595,2019-04-09,13:10:00,Urbana,Calle,ALVEAR,1940,,-2.746.043,-5.882.538,2,1,0,2,0,Colisión entre vehículos,2,Asfalto,Apto,Seca,Día,NO,Despejado,Buena,Sin Semáforo,Motocicleta
1023,65561,2019-04-08,11:40:00,Urbana,Calle,BAIBIENE,1900,PLACIDO MARTINEZ,-2.746.300,-5.882.600,1,1,0,2,0,Colisión entre vehículos,2,Hormigón,Apto,Seca,Día,NO,Despejado,Buena,Sin Semáforo,Motocicleta
1024,65561,2019-04-08,11:40:00,Urbana,Calle,BAIBIENE,1900,PLACIDO MARTINEZ,-2.746.300,-5.882.600,1,1,0,2,0,Colisión entre vehículos,2,Hormigón,Apto,Seca,Día,NO,Despejado,Buena,Sin Semáforo,Automóvil
1025,49299,2019-04-08,18:35:00,Urbana,Avenida,INDEPENDENCIA,4300,RIO JURAMENTO,-2.748.144,-5.879.932,0,2,0,2,0,Colisión entre vehículos,2,Hormigón,Apto,"Despejada, Seca",Día,NO,Despejado,Buena,Sin Semáforo,Motocicleta
1026,49299,2019-04-08,18:35:00,Urbana,Avenida,INDEPENDENCIA,4300,RIO JURAMENTO,-2.748.144,-5.879.932,0,2,0,2,0,Colisión entre vehículos,2,Hormigón,Apto,"Despejada, Seca",Día,NO,Despejado,Buena,Sin Semáforo,Bicicleta
1027,49521,2019-04-08,13:45:00,Urbana,Avenida,"J. M, ESTRADA",2500,RIO NEGRO,-2.748.855,-5.882.964,3,0,0,2,0,Colisión entre vehículos,2,Hormigón,Apto,Seca,Día,NO,Despejado,Buena,Sin Semáforo,Automóvil
1028,49521,2019-04-08,13:45:00,Urbana,Avenida,"J. M, ESTRADA",2500,RIO NEGRO,-2.748.855,-5.882.964,3,0,0,2,0,Colisión entre vehículos,2,Hormigón,Apto,Seca,Día,NO,Despejado,Buena,Sin Semáforo,Motocicleta
1029,55117,2019-04-08,00:30:00,Urbana,Avenida,AVENIDA LIBERTAD,5500,LOS CLAVELES,-2.746.438,-5.878.094,1,1,0,2,0,Colisión entre vehículos,2,Asfalto,Apto,Seca,Noche,SI,Despejado,Buena,Sin Semáforo,Motocicleta
1030,55117,2019-04-08,00:30:00,Urbana,Avenida,AVENIDA LIBERTAD,5500,LOS CLAVELES,-2.746.438,-5.878.094,1,1,0,2,0,Colisión entre vehículos,2,Asfalto,Apto,Seca,Noche,SI,Despejado,Buena,Sin Semáforo,Automóvil
1031,49221,2019-04-08,12:30:00,Urbana,Calle,FRAGATA HERCULES,1700,EX VIA,-2.747.842,-5.882.052,1,1,0,2,0,Colisión entre vehículos,2,Hormigón,Apto,Seca,Día,NO,Despejado,Buena,Sin Semáforo,Automóvil
1032,49221,2019-04-08,12:30:00,Urbana,Calle,FRAGATA HERCULES,1700,EX VIA,-2.747.842,-5.882.052,1,1,0,2,0,Colisión entre vehículos,2,Hormigón,Apto,Seca,Día,NO,Despejado,Buena,Sin Semáforo,Motocicleta
1033,49368,2019-04-07,06:20:00,Urbana,Avenida,AVENIDA PEDRO FERRE,1900,PARAGUAY,-2.747.695,-5.882.750,2,0,0,2,0,Colisión entre vehículos,2,Hormigón,Apto,Seca,Amanecer,SI,Despejado,Buena,Funciona,Automóvil
1034,49368,2019-04-07,06:20:00,Urbana,Avenida,AVENIDA PEDRO FERRE,1900,PARAGUAY,-2.747.695,-5.882.750,2,0,0,2,0,Colisión entre vehículos,2,Hormigón,Apto,Seca,Amanecer,SI,Despejado,Buena,Funciona,Automóvil
1035,49493,2019-04-07,11:45:00,Urbana,Calle,LAVALLE,1700,ELIAS ABAD,-2.747.557,-5.884.831,1,2,0,2,0,Colisión entre vehículos,2,Hormigón,Apto,Seca,Día,NO,Despejado,Buena,Sin Semáforo,Motocicleta
1036,49493,2019-04-07,11:45:00,Urbana,Calle,LAVALLE,1700,ELIAS ABAD,-2.747.557,-5.884.831,1,2,0,2,0,Colisión entre vehículos,2,Hormigón,Apto,Seca,Día,NO,Despejado,Buena,Sin Semáforo,Camioneta/Utilitario
1037,53380,2019-04-07,17:45:00,Urbana,Avenida,AVENIDA LA PAZ,1500,AVENIDA MAIPU,-2.748.405,-5.882.503,2,1,0,2,0,Colisión entre vehículos,2,Hormigón,Apto,"Despejada, Seca",Día,NO,Despejado,,Funciona,Motocicleta
1038,53380,2019-04-07,17:45:00,Urbana,Avenida,AVENIDA LA PAZ,1500,AVENIDA MAIPU,-2.748.405,-5.882.503,2,1,0,2,0,Colisión entre vehículos,2,Hormigón,Apto,"Despejada, Seca",Día,NO,Despejado,,Funciona,Transporte de pasajeros
1039,53855,2019-04-07,08:30:00,Urbana,Avenida,AV R.R. ALFONSIN,3115,RECONQUISTA,-2.747.153,-5.881.131,1,2,0,3,0,Colisión entre vehículos,3,Asfalto,Apto,Seca,Día,NO,Despejado,Buena,Sin Semáforo,Automóvil
1040,53855,2019-04-07,08:30:00,Urbana,Avenida,AV R.R. ALFONSIN,3115,RECONQUISTA,-2.747.153,-5.881.131,1,2,0,3,0,Colisión entre vehículos,3,Asfalto,Apto,Seca,Día,NO,Despejado,Buena,Sin Semáforo,Motocicleta
1041,53855,2019-04-07,08:30:00,Urbana,Avenida,AV R.R. ALFONSIN,3115,RECONQUISTA,-2.747.153,-5.881.131,1,2,0,3,0,Colisión entre vehículos,3,Asfalto,Apto,Seca,Día,NO,Despejado,Buena,Sin Semáforo,Motocicleta
1042,58323,2019-04-05,23:35:00,Urbana,Avenida,AV 3 DE ABRIL,1400,CATAMARCA,-2.747.589,-5.883.394,4,2,0,4,0,Colisión entre vehículos,4,Hormigón,Apto,Seca,Día,SI,Despejado,Buena,Sin Semáforo,Automóvil
1043,58323,2019-04-05,23:35:00,Urbana,Avenida,AV 3 DE ABRIL,1400,CATAMARCA,-2.747.589,-5.883.394,4,2,0,4,0,Colisión entre vehículos,4,Hormigón,Apto,Seca,Día,SI,Despejado,Buena,Sin Semáforo,Motocicleta
1044,58323,2019-04-05,23:35:00,Urbana,Avenida,AV 3 DE ABRIL,1400,CATAMARCA,-2.747.589,-5.883.394,4,2,0,4,0,Colisión entre vehículos,4,Hormigón,Apto,Seca,Día,SI,Despejado,Buena,Sin Semáforo,Bicicleta
1045,58323,2019-04-05,23:35:00,Urbana,Avenida,AV 3 DE ABRIL,1400,CATAMARCA,-2.747.589,-5.883.394,4,2,0,4,0,Colisión entre vehículos,4,Hormigón,Apto,Seca,Día,SI,Despejado,Buena,Sin Semáforo,Bicicleta
1046,49366,2019-04-05,16:55:00,Urbana,Calle,GUTEMBERG,2000,LA MADRID,-2.748.232,-5.883.213,2,0,0,2,0,Colisión entre vehículos,2,Hormigón,Apto,Seca,Día,NO,Despejado,Buena,Sin Semáforo,Automóvil
1047,49366,2019-04-05,16:55:00,Urbana,Calle,GUTEMBERG,2000,LA MADRID,-2.748.232,-5.883.213,2,0,0,2,0,Colisión entre vehículos,2,Hormigón,Apto,Seca,Día,NO,Despejado,Buena,Sin Semáforo,Motocicleta
1048,49562,2019-04-05,11:50:00,Urbana,Avenida,AVENIDA FERRE,1800,JUJUY,-2.747.686,-5.882.889,1,1,0,2,0,Colisión entre vehículos,2,Hormigón,Apto,Seca,Día,NO,Despejado,Buena,Funciona,Motocicleta
1049,49562,2019-04-05,11:50:00,Urbana,Avenida,AVENIDA FERRE,1800,JUJUY,-2.747.686,-5.882.889,1,1,0,2,0,Colisión entre vehículos,2,Hormigón,Apto,Seca,Día,NO,Despejado,Buena,Funciona,Automóvil
1050,49528,2019-04-05,11:00:00,Urbana,Calle,TARAGUI,2000,2 DE abril,-2.749.695,-5.882.883,2,0,0,2,0,Colisión entre vehículos,2,Tierra,Apto,Seca,Día,NO,Despejado,Buena,Sin Semáforo,Camioneta/Utilitario
1051,49528,2019-04-05,11:00:00,Urbana,Calle,TARAGUI,2000,2 DE abril,-2.749.695,-5.882.883,2,0,0,2,0,Colisión entre vehículos,2,Tierra,Apto,Seca,Día,NO,Despejado,Buena,Sin Semáforo,Camioneta/Utilitario
1052,59878,2019-04-05,07:30:00,Urbana,Avenida,LIBERTAD,5000,JR FERNANDEZ,-2.746.678,-5.879.005,1,1,0,2,0,Colisión entre vehículos,2,Hormigón,Apto,,Día,,Despejado,Buena,Funciona,Automóvil
1053,59878,2019-04-05,07:30:00,Urbana,Avenida,LIBERTAD,5000,JR FERNANDEZ,-2.746.678,-5.879.005,1,1,0,2,0,Colisión entre vehículos,2,Hormigón,Apto,,Día,,Despejado,Buena,Funciona,Motocicleta
1054,49275,2019-04-04,11:20:00,Urbana,Avenida,AV LIBERTAD,5500,ALFREDO LANARI,-2.746.428,-5.878.063,1,1,0,2,0,Colisión entre vehículos,2,Hormigón,,,Día,,Despejado,Buena,Sin Semáforo,Motocicleta
1055,49275,2019-04-04,11:20:00,Urbana,Avenida,AV LIBERTAD,5500,ALFREDO LANARI,-2.746.428,-5.878.063,1,1,0,2,0,Colisión entre vehículos,2,Hormigón,,,Día,,Despejado,Buena,Sin Semáforo,Automóvil
1056,68856,2019-04-03,19:15:00,Urbana,Avenida,AV. ALFONSIN,4300,DORREGO,,,1,1,0,2,0,Colisión entre vehículos,2,Asfalto,Apto,Seca,Atardecer,NO,Despejado,Buena,Sin Semáforo,Motocicleta
1057,68856,2019-04-03,19:15:00,Urbana,Avenida,AV. ALFONSIN,4300,DORREGO,,,1,1,0,2,0,Colisión entre vehículos,2,Asfalto,Apto,Seca,Atardecer,NO,Despejado,Buena,Sin Semáforo,Bicicleta
1058,49584,2019-04-03,19:35:00,Urbana,Avenida,AVENIDA ARTIGAS,1500,RIVADAVIA,-2.747.602,-5.881.963,2,0,0,2,0,Colisión entre vehículos,2,Hormigón,Apto,Seca,Noche,SI,Despejado,,Sin Semáforo,Automóvil
1059,49584,2019-04-03,19:35:00,Urbana,Avenida,AVENIDA ARTIGAS,1500,RIVADAVIA,-2.747.602,-5.881.963,2,0,0,2,0,Colisión entre vehículos,2,Hormigón,Apto,Seca,Noche,SI,Despejado,,Sin Semáforo,Motocicleta
1060,49329,2019-04-02,07:45:00,Urbana,Avenida,AVENIDA PUJOL,800,VELEZ SARSFIELD,-2.746.847,-5.882.013,4,0,0,2,0,Colisión entre vehículos,2,Hormigón,Apto,Seca,Día,NO,Despejado,Buena,Sin Semáforo,Automóvil