,id_feu,siniestro_fecha,siniestro_hora,zona_ocurrencia,via_publica,nombre_via,altura_km,entre_calle_1,latitud,longitud,ilesos,heridos,fallecidos,vehiculos,peatones,tipo_siniestro_unico,cantidad_de_involucrados,material_de_la_calzada,estado_de_la_calzada,estado_fisico_ambiental,luminosidad,luz_artificial,estado_ambiental,visibilidad,semaforo,tipo_involucrado
1061,49329,2019-04-02,07:45:00,Urbana,Avenida,AVENIDA PUJOL,800,VELEZ SARSFIELD,-2.746.847,-5.882.013,4,0,0,2,0,Colisión entre vehículos,2,Hormigón,Apto,Seca,Día,NO,Despejado,Buena,Sin Semáforo,Automóvil
1062,53625,2019-04-02,01:30:00,Urbana,Avenida,AV C CORRENTINOS,4000,las piedra,-2.748.886,-5.880.115,1,1,0,2,0,Colisión entre vehículos,2,Asfalto,Apto,Seca,Noche,SI,Despejado,Buena,Intermitente,Transporte de carga
1063,53625,2019-04-02,01:30:00,Urbana,Avenida,AV C CORRENTINOS,4000,las piedra,-2.748.886,-5.880.115,1,1,0,2,0,Colisión entre vehículos,2,Asfalto,Apto,Seca,Noche,SI,Despejado,Buena,Intermitente,Motocicleta
1064,59876,2019-04-02,16:55:00,Urbana,Avenida,AV. TRES DE ABRIL,1400,CATAMARCA,-2.747.597,-5.883.388,2,0,0,2,0,Colisión entre vehículos,2,Hormigón,Apto,Seca,Día,NO,Despejado,Buena,Funciona,Camioneta/Utilitario
1065,59876,2019-04-02,16:55:00,Urbana,Avenida,AV. TRES DE ABRIL,1400,CATAMARCA,-2.747.597,-5.883.388,2,0,0,2,0,Colisión entre vehículos,2,Hormigón,Apto,Seca,Día,NO,Despejado,Buena,Funciona,Automóvil
1066,49246,2019-04-02,08:00:00,Urbana,Avenida,MAIPU,4900,ORAN,-2.750.907,-5.881.037,1,1,0,2,0,Colisión entre vehículos,2,Asfalto,Apto,Seca,Día,NO,Despejado,Buena,Sin Semáforo,Automóvil
1067,49246,2019-04-02,08:00:00,Urbana,Avenida,MAIPU,4900,ORAN,-2.750.907,-5.881.037,1,1,0,2,0,Colisión entre vehículos,2,Asfalto,Apto,Seca,Día,NO,Despejado,Buena,Sin Semáforo,Motocicleta
1068,49580,2019-04-02,19:00:00,Rural,Ruta Nacional,12,1029,,-2.749.312,-5.877.853,1,1,0,2,0,Colisión entre vehículos,2,Hormigón,Apto,Seca,Noche,SI,Despejado,,Sin Semáforo,Motocicleta
1069,49580,2019-04-02,19:00:00,Rural,Ruta Nacional,12,1029,,-2.749.312,-5.877.853,1,1,0,2,0,Colisión entre vehículos,2,Hormigón,Apto,Seca,Noche,SI,Despejado,,Sin Semáforo,Motocicleta
1070,67494,2019-04-02,15:00:00,Urbana,Calle,JULIO,1700,ESPAÑA,-2.746.706,-5.882.909,2,0,0,2,0,Colisión entre vehículos,2,Hormigón,,Seca,Día,NO,Despejado,Buena,Sin Semáforo,Automóvil
1071,67494,2019-04-02,15:00:00,Urbana,Calle,JULIO,1700,ESPAÑA,-2.746.706,-5.882.909,2,0,0,2,0,Colisión entre vehículos,2,Hormigón,,Seca,Día,NO,Despejado,Buena,Sin Semáforo,Camioneta/Utilitario
1072,49524,2019-04-02,18:20:00,Urbana,Avenida,AVENIDA MAIPU,4500,,-2.751.402,-5.880.696,2,1,0,2,0,Colisión entre vehículos,2,Asfalto,Apto,Seca,Día,NO,Despejado,,Sin Semáforo,Automóvil
1073,49524,2019-04-02,18:20:00,Urbana,Avenida,AVENIDA MAIPU,4500,,-2.751.402,-5.880.696,2,1,0,2,0,Colisión entre vehículos,2,Asfalto,Apto,Seca,Día,NO,Despejado,,Sin Semáforo,Motocicleta
1074,49589,2019-04-02,03:35:00,Urbana,Calle,BOLIVAR,1400,CATAMARCA,-2.747.121,-5.883.340,2,0,0,2,0,Colisión entre vehículos,2,Hormigón,Apto,Seca,Noche,SI,Despejado,Buena,Sin Semáforo,Automóvil
1075,49589,2019-04-02,03:35:00,Urbana,Calle,BOLIVAR,1400,CATAMARCA,-2.747.121,-5.883.340,2,0,0,2,0,Colisión entre vehículos,2,Hormigón,Apto,Seca,Noche,SI,Despejado,Buena,Sin Semáforo,Motocicleta
1076,53737,2019-04-02,18:15:00,Urbana,Avenida,AV.ARTIGAS,1380,,-2.747.462,-5.881.944,1,1,0,2,0,Colisión entre vehículos,2,Asfalto,Apto,Seca,Día,NO,Despejado,Buena,Funciona,Camioneta/Utilitario
1077,53737,2019-04-02,18:15:00,Urbana,Avenida,AV.ARTIGAS,1380,,-2.747.462,-5.881.944,1,1,0,2,0,Colisión entre vehículos,2,Asfalto,Apto,Seca,Día,NO,Despejado,Buena,Funciona,Motocicleta
1078,62909,2019-04-01,23:30:00,Urbana,Calle,SAN LUIS,1300,BOLIVAR,-2.747.033,-5.884.318,1,1,0,2,0,Colisión entre vehículos,2,Hormigón,Apto,Seca,Atardecer,NO,,Buena,Sin Semáforo,Automóvil
1079,62909,2019-04-01,23:30:00,Urbana,Calle,SAN LUIS,1300,BOLIVAR,-2.747.033,-5.884.318,1,1,0,2,0,Colisión entre vehículos,2,Hormigón,Apto,Seca,Atardecer,NO,,Buena,Sin Semáforo,Camioneta/Utilitario
1080,49352,2019-04-01,18:35:00,Urbana,Avenida,AVENIDA ARMENIA,4500,RICARDO GUIRALDE,-2.746.821,-5.879.654,0,2,0,2,0,Colisión entre vehículos,2,Asfalto,Apto,Seca,,NO,Despejado,Buena,Sin Semáforo,Bicicleta
1081,49352,2019-04-01,18:35:00,Urbana,Avenida,AVENIDA ARMENIA,4500,RICARDO GUIRALDE,-2.746.821,-5.879.654,0,2,0,2,0,Colisión entre vehículos,2,Asfalto,Apto,Seca,,NO,Despejado,Buena,Sin Semáforo,Motocicleta
1082,55381,2019-04-01,13:19:00,Urbana,Calle,SAN MARTIN,1000,SAN LORENZO,-2.747.025,-5.883.202,1,1,0,2,0,Colisión entre vehículos,2,Asfalto,Apto,Seca,Día,NO,Despejado,Buena,Funciona,Automóvil
1083,55381,2019-04-01,13:19:00,Urbana,Calle,SAN MARTIN,1000,SAN LORENZO,-2.747.025,-5.883.202,1,1,0,2,0,Colisión entre vehículos,2,Asfalto,Apto,Seca,Día,NO,Despejado,Buena,Funciona,Motocicleta
1084,62870,2019-04-01,10:15:00,Urbana,Avenida,ARTIGAS,1220,,-2.747.356,-5.881.905,2,0,0,2,0,Colisión entre vehículos,2,Asfalto,Apto,Seca,Día,NO,Despejado,Buena,Funciona,Automóvil
1085,62870,2019-04-01,10:15:00,Urbana,Avenida,ARTIGAS,1220,,-2.747.356,-5.881.905,2,0,0,2,0,Colisión entre vehículos,2,Asfalto,Apto,Seca,Día,NO,Despejado,Buena,Funciona,Motocicleta
1086,49451,2019-04-01,11:48:00,Urbana,Avenida,AVENIDA TENIENTE IBAÑEZ,3200,CONTE,-2.748.555,-5.883.526,0,2,0,2,0,Colisión entre vehículos,2,Asfalto,Apto,,Día,NO,Despejado,,Sin Semáforo,Motocicleta
1087,49451,2019-04-01,11:48:00,Urbana,Avenida,AVENIDA TENIENTE IBAÑEZ,3200,CONTE,-2.748.555,-5.883.526,0,2,0,2,0,Colisión entre vehículos,2,Asfalto,Apto,,Día,NO,Despejado,,Sin Semáforo,Motocicleta
1088,58509,2019-03-29,11:15:00,Urbana,Calle,SUIZA,3200,REPUBLICA DOMINICANA,-2.747.614,-5.881.072,1,1,0,2,0,Colisión entre vehículos,2,Hormigón,Apto,Seca,Día,NO,Despejado,Buena,Sin Semáforo,Motocicleta
1089,58509,2019-03-29,11:15:00,Urbana,Calle,SUIZA,3200,REPUBLICA DOMINICANA,-2.747.614,-5.881.072,1,1,0,2,0,Colisión entre vehículos,2,Hormigón,Apto,Seca,Día,NO,Despejado,Buena,Sin Semáforo,Camioneta/Utilitario
1090,62852,2019-03-29,00:55:00,Rural,Ruta Nacional,12,KM1018,MAIPU,-2.751.741,-5.876.844,0,1,0,1,0,Despiste,1,Asfalto,En reparación,Seca,Amanecer,NO,Despejado,,,Motocicleta
1091,56477,2019-03-29,11:10:00,Urbana,Calle,MORENO,2200,ROCA,-2.747.457,-5.882.343,2,1,0,2,0,Colisión entre vehículos,2,Hormigón,Apto,Seca,Día,NO,Despejado,Buena,Sin Semáforo,Automóvil
1092,56477,2019-03-29,11:10:00,Urbana,Calle,MORENO,2200,ROCA,-2.747.457,-5.882.343,2,1,0,2,0,Colisión entre vehículos,2,Hormigón,Apto,Seca,Día,NO,Despejado,Buena,Sin Semáforo,Motocicleta
1093,62853,2019-03-28,06:00:00,Urbana,Avenida,PATAGONIA,2200,PAYSANDU,-2.749.255,-5.882.430,1,1,0,2,0,Colisión entre vehículos,2,Hormigón,Apto,Seca,Amanecer,SI,Despejado,Buena,Sin Semáforo,Automóvil
1094,62853,2019-03-28,06:00:00,Urbana,Avenida,PATAGONIA,2200,PAYSANDU,-2.749.255,-5.882.430,1,1,0,2,0,Colisión entre vehículos,2,Hormigón,Apto,Seca,Amanecer,SI,Despejado,Buena,Sin Semáforo,Motocicleta
1095,53752,2019-03-28,00:00:00,Urbana,Avenida,AV. RAUL ALFONSIN,1030,RUTA NACIONAL N12,-2.747.812,-5.878.295,0,1,0,1,0,Caída desde vehículo,1,Asfalto,Apto,Seca,Noche,SI,,,,Motocicleta
1096,49603,2019-03-28,12:30:00,Urbana,Avenida,AV PUJOL,2200,PELLEGRINI,-2.746.647,-5.882.281,2,0,0,2,0,Colisión entre vehículos,2,Hormigón,Apto,Seca,Día,NO,Despejado,Buena,Sin Semáforo,Automóvil
1097,49603,2019-03-28,12:30:00,Urbana,Avenida,AV PUJOL,2200,PELLEGRINI,-2.746.647,-5.882.281,2,0,0,2,0,Colisión entre vehículos,2,Hormigón,Apto,Seca,Día,NO,Despejado,Buena,Sin Semáforo,Automóvil
1098,49257,2019-03-28,12:30:00,Urbana,Avenida,GOBERNADOR RUIZ,2100,,-2.746.675,-5.882.004,1,1,0,2,0,,2,Asfalto,Apto,Seca,Día,NO,Despejado,Buena,Sin Semáforo,Motocicleta
1099,49257,2019-03-28,12:30:00,Urbana,Avenida,GOBERNADOR RUIZ,2100,,-2.746.675,-5.882.004,1,1,0,2,0,,2,Asfalto,Apto,Seca,Día,NO,Despejado,Buena,Sin Semáforo,Automóvil
1100,49401,2019-03-27,11:38:00,Urbana,Avenida,AV SARMIENTO,2200,,-2.748.324,-5.883.087,2,0,0,2,0,Colisión entre vehículos,2,Asfalto,Apto,"Despejada, Seca",Día,SI,Despejado,Buena,Funciona,Motocicleta
1101,49401,2019-03-27,11:38:00,Urbana,Avenida,AV SARMIENTO,2200,,-2.748.324,-5.883.087,2,0,0,2,0,Colisión entre vehículos,2,Asfalto,Apto,"Despejada, Seca",Día,SI,Despejado,Buena,Funciona,Automóvil
1102,49209,2019-03-27,09:30:00,Urbana,Calle,LAVALLE,1900,PARAGUAY,-2.747.790,-5.882.762,0,2,0,2,0,Colisión entre vehículos,2,Asfalto,Baches,,Día,NO,Nublado,Buena,Sin Semáforo,Automóvil
1103,49209,2019-03-27,09:30:00,Urbana,Calle,LAVALLE,1900,PARAGUAY,-2.747.790,-5.882.762,0,2,0,2,0,Colisión entre vehículos,2,Asfalto,Baches,,Día,NO,Nublado,Buena,Sin Semáforo,Motocicleta
1104,49452,2019-03-27,08:00:00,Urbana,Avenida,AVENIDA ARMENIA,4000,MONTEAGUDO,-2.746.681,-5.879.078,0,1,0,1,0,Caída desde vehículo,1,Asfalto,Apto,"Despejada, Seca",Día,NO,Despejado,Buena,Sin Semáforo,Bicicleta
1105,49566,2019-03-27,08:10:00,Urbana,Avenida,AVENIDA IV CENTENARIO,3000,TARAGUI,-2.749.548,-5.883.813,2,0,0,2,0,Colisión entre vehículos,2,Hormigón,Apto,Seca,Día,NO,Despejado,Buena,Sin Semáforo,Automóvil
1106,49566,2019-03-27,08:10:00,Urbana,Avenida,AVENIDA IV CENTENARIO,3000,TARAGUI,-2.749.548,-5.883.813,2,0,0,2,0,Colisión entre vehículos,2,Hormigón,Apto,Seca,Día,NO,Despejado,Buena,Sin Semáforo,Motocicleta
1107,54634,2019-03-25,16:00:00,Urbana,Ruta Provincial,5,2,,-2.748.599,-5.877.061,2,0,0,2,0,Colisión entre vehículos,2,Asfalto,Apto,Seca,Día,NO,Despejado,Buena,Sin Semáforo,Automóvil
1108,54634,2019-03-25,16:00:00,Urbana,Ruta Provincial,5,2,,-2.748.599,-5.877.061,2,0,0,2,0,Colisión entre vehículos,2,Asfalto,Apto,Seca,Día,NO,Despejado,Buena,Sin Semáforo,Motocicleta
1109,62902,2019-03-25,17:15:00,Urbana,Calle,ESPAÑA,1560,,-2.747.567,-5.883.004,0,2,0,1,0,Caída desde vehículo,1,Hormigón,Apto,Seca,Día,NO,Despejado,,Sin Semáforo,Motocicleta
1110,59001,2019-03-25,10:25:00,Urbana,Calle,SANTA FE,1500,MORENO,-2.747.374,-5.883.091,1,1,0,2,0,Colisión entre vehículos,2,Hormigón,Apto,Seca,Día,NO,Despejado,Buena,Sin Semáforo,Motocicleta
1111,59001,2019-03-25,10:25:00,Urbana,Calle,SANTA FE,1500,MORENO,-2.747.374,-5.883.091,1,1,0,2,0,Colisión entre vehículos,2,Hormigón,Apto,Seca,Día,NO,Despejado,Buena,Sin Semáforo,Motocicleta
1112,49303,2019-03-25,11:50:00,Urbana,Calle,9 DE julio,1500,SANTA FE,-2.746.693,-5.883.032,1,1,0,2,0,Colisión entre vehículos,2,Hormigón,Apto,,,NO,Despejado,Buena,,Automóvil
1113,49303,2019-03-25,11:50:00,Urbana,Calle,9 DE julio,1500,SANTA FE,-2.746.693,-5.883.032,1,1,0,2,0,Colisión entre vehículos,2,Hormigón,Apto,,,NO,Despejado,Buena,,Motocicleta
1114,49203,2019-03-25,07:50:00,Urbana,Avenida,AV MAIPU,2650,NICARAGUA,-2.749.884,-5.881.476,1,1,0,2,0,Colisión entre vehículos,2,Asfalto,Apto,Seca,Día,NO,Despejado,Buena,Sin Semáforo,Motocicleta
1115,49203,2019-03-25,07:50:00,Urbana,Avenida,AV MAIPU,2650,NICARAGUA,-2.749.884,-5.881.476,1,1,0,2,0,Colisión entre vehículos,2,Asfalto,Apto,Seca,Día,NO,Despejado,Buena,Sin Semáforo,Automóvil
1116,57022,2019-03-24,01:30:00,Urbana,Avenida,CAZADORES CORRENTINOS,4100,MEDRANO,-2.748.772,-5.879.926,1,2,0,2,0,Colisión entre vehículos,2,Hormigón,Apto,Seca,Noche,SI,Despejado,Buena,No Funciona,Transporte de pasajeros
1117,57022,2019-03-24,01:30:00,Urbana,Avenida,CAZADORES CORRENTINOS,4100,MEDRANO,-2.748.772,-5.879.926,1,2,0,2,0,Colisión entre vehículos,2,Hormigón,Apto,Seca,Noche,SI,Despejado,Buena,No Funciona,Motocicleta
1118,49441,2019-03-24,13:00:00,Urbana,Calle,ESPAÑA,1200,BELGRANO,-2.747.279,-5.882.973,1,1,0,2,0,Colisión entre vehículos,2,Hormigón,Apto,Seca,Día,NO,Despejado,Buena,Sin Semáforo,Motocicleta
1119,49441,2019-03-24,13:00:00,Urbana,Calle,ESPAÑA,1200,BELGRANO,-2.747.279,-5.882.973,1,1,0,2,0,Colisión entre vehículos,2,Hormigón,Apto,Seca,Día,NO,Despejado,Buena,Sin Semáforo,Automóvil
1120,49504,2019-03-23,20:35:00,Urbana,Calle,ESPAÑA,800,JUNIN,-2.746.832,-5.882.919,2,0,0,2,0,Colisión entre vehículos,2,,Apto,Seca,Noche,SI,Despejado,Buena,Sin Semáforo,Automóvil
1121,49504,2019-03-23,20:35:00,Urbana,Calle,ESPAÑA,800,JUNIN,-2.746.832,-5.882.919,2,0,0,2,0,Colisión entre vehículos,2,,Apto,Seca,Noche,SI,Despejado,Buena,Sin Semáforo,Automóvil
1122,49516,2019-03-23,08:30:00,Urbana,Ruta Provincial,RUTA 5,1 1/2,CESAR ALVARES (Pacheco),-2.748.600,-5.877.051,2,0,0,2,0,Colisión entre vehículos,2,Asfalto,Apto,Seca,Día,NO,,Buena,Funciona,Automóvil
1123,49516,2019-03-23,08:30:00,Urbana,Ruta Provincial,RUTA 5,1 1/2,CESAR ALVARES (Pacheco),-2.748.600,-5.877.051,2,0,0,2,0,Colisión entre vehículos,2,Asfalto,Apto,Seca,Día,NO,,Buena,Funciona,Transporte de carga
1124,49506,2019-03-23,01:15:00,Urbana,Avenida,IV CENTENARIO,1200,MAGALLANE,-2.749.261,-5.883.807,1,1,0,2,0,Colisión entre vehículos,2,Hormigón,Apto,Mojada,Noche,SI,Lluvia,,Sin Semáforo,Automóvil
1125,49506,2019-03-23,01:15:00,Urbana,Avenida,IV CENTENARIO,1200,MAGALLANE,-2.749.261,-5.883.807,1,1,0,2,0,Colisión entre vehículos,2,Hormigón,Apto,Mojada,Noche,SI,Lluvia,,Sin Semáforo,Motocicleta
1126,49608,2019-03-23,08:35:00,Urbana,Calle,DON BOSCO,1300,MORENO,-2.747.219,-5.884.979,2,0,0,2,0,Colisión entre vehículos,2,Hormigón,Apto,Seca,Día,NO,Despejado,Buena,Sin Semáforo,Camioneta/Utilitario
1127,49608,2019-03-23,08:35:00,Urbana,Calle,DON BOSCO,1300,MORENO,-2.747.219,-5.884.979,2,0,0,2,0,Colisión entre vehículos,2,Hormigón,Apto,Seca,Día,NO,Despejado,Buena,Sin Semáforo,Motocicleta
1128,49413,2019-03-23,10:15:00,Urbana,Calle,LA RIOJA,1000,BELGRANO,-2.747.193,-5.883.853,2,1,0,2,0,Colisión entre vehículos,2,Asfalto,Apto,Seca,Día,NO,Nublado,Buena,Sin Semáforo,Motocicleta
1129,49413,2019-03-23,10:15:00,Urbana,Calle,LA RIOJA,1000,BELGRANO,-2.747.193,-5.883.853,2,1,0,2,0,Colisión entre vehículos,2,Asfalto,Apto,Seca,Día,NO,Nublado,Buena,Sin Semáforo,Camioneta/Utilitario
1130,53800,2019-03-23,08:30:00,Urbana,Avenida,AVENIDA CAZADORES CORRENTINOS,2200,MEDRANO,-2.748.756,-5.879.926,1,1,0,1,1,Atropello a peatón/es,2,Hormigón,Apto,Mojada,Día,NO,Lluvia,Lluvia,Funciona,Camioneta/Utilitario
1131,53800,2019-03-23,08:30:00,Urbana,Avenida,AVENIDA CAZADORES CORRENTINOS,2200,MEDRANO,-2.748.756,-5.879.926,1,1,0,1,1,Atropello a peatón/es,2,Hormigón,Apto,Mojada,Día,NO,Lluvia,Lluvia,Funciona,Peatón
1132,49398,2019-03-22,18:35:00,Urbana,Calle,RIVADAVIA,1800,JUJUY,-2.747.517,-5.882.861,2,0,0,2,0,Colisión entre vehículos,2,Asfalto,Apto,"Despejada, Seca",Atardecer,NO,Despejado,Buena,Sin Semáforo,Motocicleta
1133,49398,2019-03-22,18:35:00,Urbana,Calle,RIVADAVIA,1800,JUJUY,-2.747.517,-5.882.861,2,0,0,2,0,Colisión entre vehículos,2,Asfalto,Apto,"Despejada, Seca",Atardecer,NO,Despejado,Buena,Sin Semáforo,Motocicleta
1134,54068,2019-03-22,08:05:00,Urbana,Calle,GRAL PAZ,1700,ELIAS ABAD,-2.747.677,-5.884.855,1,1,0,2,0,Colisión entre vehículos,2,Hormigón,Apto,Seca,Día,NO,Despejado,Buena,Sin Semáforo,Automóvil
1135,54068,2019-03-22,08:05:00,Urbana,Calle,GRAL PAZ,1700,ELIAS ABAD,-2.747.677,-5.884.855,1,1,0,2,0,Colisión entre vehículos,2,Hormigón,Apto,Seca,Día,NO,Despejado,Buena,Sin Semáforo,Motocicleta
1136,49279,2019-03-22,08:45:00,Urbana,Calle,CATAMARCA,1100,SAN MARTIN,-2.747.011,-5.883.336,2,1,0,2,0,Colisión entre vehículos,2,Asfalto,Apto,Seca,Día,NO,Despejado,Buena,Sin Semáforo,Automóvil
1137,49279,2019-03-22,08:45:00,Urbana,Calle,CATAMARCA,1100,SAN MARTIN,-2.747.011,-5.883.336,2,1,0,2,0,Colisión entre vehículos,2,Asfalto,Apto,Seca,Día,NO,Despejado,Buena,Sin Semáforo,Motocicleta
1138,49353,2019-03-22,19:30:00,Urbana,Avenida,AVENIDA INDEPENDENCIA,3000,,-2.747.858,-5.881.428,2,0,0,2,0,Colisión entre vehículos,2,Hormigón,Apto,Seca,Día,NO,Despejado,Buena,Funciona,Transporte de carga
1139,49353,2019-03-22,19:30:00,Urbana,Avenida,AVENIDA INDEPENDENCIA,3000,,-2.747.858,-5.881.428,2,0,0,2,0,Colisión entre vehículos,2,Hormigón,Apto,Seca,Día,NO,Despejado,Buena,Funciona,Transporte de carga
1140,59881,2019-03-22,12:20:00,Urbana,Avenida,INDEPENDENCIA,3400,,-2.747.923,-5.880.985,1,1,0,2,0,Colisión entre vehículos,2,Hormigón,Apto,Seca,Día,NO,Despejado,Buena,Funciona,Motocicleta
1141,59881,2019-03-22,12:20:00,Urbana,Avenida,INDEPENDENCIA,3400,,-2.747.923,-5.880.985,1,1,0,2,0,Colisión entre vehículos,2,Hormigón,Apto,Seca,Día,NO,Despejado,Buena,Funciona,Motocicleta
1142,67483,2019-03-21,04:00:00,Urbana,Avenida,AV PERON,4764,MONTECARLO,-2.748.821,-5.879.460,0,2,0,1,1,Atropello a peatón/es,2,Asfalto,Apto,Seca,Noche,SI,Despejado,Buena,Sin Semáforo,Peatón
1143,67483,2019-03-21,04:00:00,Urbana,Avenida,AV PERON,4764,MONTECARLO,-2.748.821,-5.879.460,0,2,0,1,1,Atropello a peatón/es,2,Asfalto,Apto,Seca,Noche,SI,Despejado,Buena,Sin Semáforo,Motocicleta
1144,53870,2019-03-21,12:50:00,Urbana,Avenida,AV INDEPENDENCIA,3000,AV CHACABUCO,-2.747.843,-5.881.466,2,0,0,2,0,Colisión entre vehículos,2,Hormigón,Apto,Seca,Día,NO,Despejado,,Funciona,Automóvil
1145,53870,2019-03-21,12:50:00,Urbana,Avenida,AV INDEPENDENCIA,3000,AV CHACABUCO,-2.747.843,-5.881.466,2,0,0,2,0,Colisión entre vehículos,2,Hormigón,Apto,Seca,Día,NO,Despejado,,Funciona,Automóvil
1146,56187,2019-03-21,12:30:00,Urbana,Calle,SAN JUAN,1100,BOLIVAR,-2.747.089,-5.883.702,1,1,0,2,0,Colisión entre vehículos,2,Asfalto,Apto,Seca,Día,NO,Despejado,Buena,Sin Semáforo,Automóvil
1147,56187,2019-03-21,12:30:00,Urbana,Calle,SAN JUAN,1100,BOLIVAR,-2.747.089,-5.883.702,1,1,0,2,0,Colisión entre vehículos,2,Asfalto,Apto,Seca,Día,NO,Despejado,Buena,Sin Semáforo,Motocicleta
1148,49402,2019-03-21,12:30:00,Urbana,Ruta Nacional,12,1027,AVENIDA CUBA,-2.750.485,-5.877.377,1,2,0,2,0,Colisión entre vehículos,2,Asfalto,Apto,Seca,Día,NO,Despejado,Buena,Sin Semáforo,Camioneta/Utilitario
1149,49402,2019-03-21,12:30:00,Urbana,Ruta Nacional,12,1027,AVENIDA CUBA,-2.750.485,-5.877.377,1,2,0,2,0,Colisión entre vehículos,2,Asfalto,Apto,Seca,Día,NO,Despejado,Buena,Sin Semáforo,Motocicleta
1150,55263,2019-03-21,13:31:00,Urbana,Avenida,AVENIDA ARTIGAS,1100,BOLIVAR,-2.747.268,-5.881.891,3,0,0,2,0,Colisión entre vehículos,2,Asfalto,Apto,Seca,Día,NO,Nublado,Buena,Sin Semáforo,Automóvil
1151,55263,2019-03-21,13:31:00,Urbana,Avenida,AVENIDA ARTIGAS,1100,BOLIVAR,-2.747.268,-5.881.891,3,0,0,2,0,Colisión entre vehículos,2,Asfalto,Apto,Seca,Día,NO,Nublado,Buena,Sin Semáforo,Motocicleta
1152,49538,2019-03-20,07:00:00,Urbana,Calle,JOSE RAMON VIDAL,2200,,-2.748.269,-5.883.901,1,2,0,2,0,Colisión entre vehículos,2,Asfalto,Apto,Seca,Amanecer,SI,Despejado,Buena,Sin Semáforo,Motocicleta
1153,49538,2019-03-20,07:00:00,Urbana,Calle,JOSE RAMON VIDAL,2200,,-2.748.269,-5.883.901,1,2,0,2,0,Colisión entre vehículos,2,Asfalto,Apto,Seca,Amanecer,SI,Despejado,Buena,Sin Semáforo,Automóvil
1154,58306,2019-03-19,08:00:00,Urbana,Calle,BELGRANO,2400,VELEZ SARSFIELD,-2.747.367,-5.882.076,1,1,0,2,0,Colisión entre vehículos,2,Asfalto,Apto,Seca,Día,NO,Despejado,Buena,Sin Semáforo,Motocicleta
1155,58306,2019-03-19,08:00:00,Urbana,Calle,BELGRANO,2400,VELEZ SARSFIELD,-2.747.367,-5.882.076,1,1,0,2,0,Colisión entre vehículos,2,Asfalto,Apto,Seca,Día,NO,Despejado,Buena,Sin Semáforo,Automóvil
1156,49527,2019-03-19,08:25:00,Urbana,Avenida,AVENIDA PUJOL,800,PARAGUAY,-2.746.373,-5.882.608,0,1,0,1,0,Despiste,1,Hormigón,Apto,Seca,Día,NO,Despejado,Buena,Sin Semáforo,Motocicleta
1157,49570,2019-03-19,04:30:00,Urbana,Avenida,AVENIDA 3 DE ABRIL,300,,-2.747.446,-5.884.829,1,0,0,1,0,Vuelco (solo 1 participante),1,Hormigón,Apto,Seca,Amanecer,SI,Despejado,Buena,Sin Semáforo,Automóvil
1158,54213,2019-03-19,10:25:00,Urbana,Calle,NEUQUEN,1500,GDOR VELAZCO,-2.748.752,-5.883.402,0,2,0,2,0,Colisión entre vehículos,2,Hormigón,Apto,Seca,Día,NO,Despejado,Buena,Sin Semáforo,Motocicleta
1159,54213,2019-03-19,10:25:00,Urbana,Calle,NEUQUEN,1500,GDOR VELAZCO,-2.748.752,-5.883.402,0,2,0,2,0,Colisión entre vehículos,2,Hormigón,Apto,Seca,Día,NO,Despejado,Buena,Sin Semáforo,Motocicleta
1160,68869,2019-03-19,14:30:00,Urbana,Avenida,AV.ALTAGRACIA,2900,LOS ATACAMAS,-2.750.804,-5.881.330,2,1,1,3,0,Colisión entre vehículos,3,Asfalto,Apto,Seca,Día,NO,Despejado,Buena,Sin Semáforo,Automóvil
1161,68869,2019-03-19,14:30:00,Urbana,Avenida,AV.ALTAGRACIA,2900,LOS ATACAMAS,-2.750.804,-5.881.330,2,1,1,3,0,Colisión entre vehículos,3,Asfalto,Apto,Seca,Día,NO,Despejado,Buena,Sin Semáforo,Motocicleta
1162,68869,2019-03-19,14:30:00,Urbana,Avenida,AV.ALTAGRACIA,2900,LOS ATACAMAS,-2.750.804,-5.881.330,2,1,1,3,0,Colisión entre vehículos,3,Asfalto,Apto,Seca,Día,NO,Despejado,Buena,Sin Semáforo,Motocicleta
1163,49404,2019-03-19,18:15:00,Urbana,Avenida,AVENIDA TENIENTE IBAÑEZ,1300,CORDOBA,-2.748.562,-5.883.672,0,2,0,2,0,Colisión entre vehículos,2,Hormigón,Apto,,Día,SI,Despejado,Buena,Sin Semáforo,Motocicleta
1164,49404,2019-03-19,18:15:00,Urbana,Avenida,AVENIDA TENIENTE IBAÑEZ,1300,CORDOBA,-2.748.562,-5.883.672,0,2,0,2,0,Colisión entre vehículos,2,Hormigón,Apto,,Día,SI,Despejado,Buena,Sin Semáforo,Motocicleta
1165,62880,2019-03-18,11:25:00,Urbana,Calle,MENDOZA,700,PELLEGRINI,-2.746.548,-5.883.533,1,1,0,2,0,Colisión entre vehículos,2,Asfalto,,,,NO,Despejado,Buena,Sin Semáforo,Automóvil
1166,62880,2019-03-18,11:25:00,Urbana,Calle,MENDOZA,700,PELLEGRINI,-2.746.548,-5.883.533,1,1,0,2,0,Colisión entre vehículos,2,Asfalto,,,,NO,Despejado,Buena,Sin Semáforo,Automóvil