,id_feu,siniestro_fecha,siniestro_hora,zona_ocurrencia,via_publica,nombre_via,altura_km,entre_calle_1,latitud,longitud,ilesos,heridos,fallecidos,vehiculos,peatones,tipo_siniestro_unico,cantidad_de_involucrados,material_de_la_calzada,estado_de_la_calzada,estado_fisico_ambiental,luminosidad,luz_artificial,estado_ambiental,visibilidad,semaforo,tipo_involucrado
1167,49340,2019-03-17,13:30:00,Urbana,Calle,9 DE julio,1700,ESPAÑA,-2.746.704,-5.882.910,2,0,0,2,0,Colisión entre vehículos,2,Asfalto,Apto,"Despejada, Seca",Día,NO,Despejado,Buena,Sin Semáforo,Automóvil
1168,49340,2019-03-17,13:30:00,Urbana,Calle,9 DE julio,1700,ESPAÑA,-2.746.704,-5.882.910,2,0,0,2,0,Colisión entre vehículos,2,Asfalto,Apto,"Despejada, Seca",Día,NO,Despejado,Buena,Sin Semáforo,Automóvil
1169,49304,2019-03-17,19:05:00,Urbana,Calle,URUGUAY,990,H IRIGOYEN,-2.746.955,-5.882.552,2,0,0,2,0,Colisión entre vehículos,2,Hormigón,Apto,"Despejada, Seca",Día,NO,Despejado,Buena,Sin Semáforo,Motocicleta
1170,49304,2019-03-17,19:05:00,Urbana,Calle,URUGUAY,990,H IRIGOYEN,-2.746.955,-5.882.552,2,0,0,2,0,Colisión entre vehículos,2,Hormigón,Apto,"Despejada, Seca",Día,NO,Despejado,Buena,Sin Semáforo,Automóvil
1171,49382,2019-03-17,09:40:00,Urbana,Calle,GDOR. VELAZCO,1800,LAVALLE,-2.747.751,-5.883.273,1,1,0,2,0,Colisión entre vehículos,2,Hormigón,Apto,Seca,Día,NO,Despejado,Buena,Sin Semáforo,Camioneta/Utilitario
1172,49382,2019-03-17,09:40:00,Urbana,Calle,GDOR. VELAZCO,1800,LAVALLE,-2.747.751,-5.883.273,1,1,0,2,0,Colisión entre vehículos,2,Hormigón,Apto,Seca,Día,NO,Despejado,Buena,Sin Semáforo,Motocicleta
1173,53983,2019-03-16,11:38:00,Urbana,Avenida,AVENIDA 3 DE ABRIL,1400,CATAMARCA,-2.747.611,-5.883.394,1,1,0,2,0,Colisión entre vehículos,2,,Apto,Seca,,NO,Despejado,,Funciona,Motocicleta
1174,53983,2019-03-16,11:38:00,Urbana,Avenida,AVENIDA 3 DE ABRIL,1400,CATAMARCA,-2.747.611,-5.883.394,1,1,0,2,0,Colisión entre vehículos,2,,Apto,Seca,,NO,Despejado,,Funciona,Automóvil
1175,56782,2019-03-16,09:30:00,Urbana,Avenida,AV CAZADORES CORRENTINO,4600,DARRAGUEIRA,-2.748.784,-5.879.767,0,1,0,1,0,Choque,1,Asfalto,Apto,Seca,Día,NO,Despejado,Buena,Sin Semáforo,Motocicleta
1176,49489,2019-03-15,18:15:00,Urbana,Avenida,AV. SARMIENTO,1700,GRAL PAZ,-2.747.856,-5.883.021,1,1,0,2,0,Colisión entre vehículos,2,Asfalto,Apto,Seca,Día,NO,Despejado,Buena,Sin Semáforo,Automóvil
1177,49489,2019-03-15,18:15:00,Urbana,Avenida,AV. SARMIENTO,1700,GRAL PAZ,-2.747.856,-5.883.021,1,1,0,2,0,Colisión entre vehículos,2,Asfalto,Apto,Seca,Día,NO,Despejado,Buena,Sin Semáforo,Motocicleta
1178,49373,2019-03-14,16:20:00,Urbana,Calle,ESPAÑA,700,CARLOS PELLEGRINI,-2.746.602,-5.882.898,1,1,0,2,0,Colisión entre vehículos,2,Hormigón,Apto,"Despejada, Seca",,,Despejado,Buena,Sin Semáforo,Motocicleta
1179,49373,2019-03-14,16:20:00,Urbana,Calle,ESPAÑA,700,CARLOS PELLEGRINI,-2.746.602,-5.882.898,1,1,0,2,0,Colisión entre vehículos,2,Hormigón,Apto,"Despejada, Seca",,,Despejado,Buena,Sin Semáforo,Automóvil
1180,49220,2019-03-13,10:30:00,Urbana,Avenida,AV INDEPENDENCIA,3700,TACUARI,-2.747.945,-5.880.636,1,1,0,2,0,Colisión entre vehículos,2,Hormigón,Apto,Seca,Día,NO,Despejado,Buena,Funciona,Motocicleta
1181,49220,2019-03-13,10:30:00,Urbana,Avenida,AV INDEPENDENCIA,3700,TACUARI,-2.747.945,-5.880.636,1,1,0,2,0,Colisión entre vehículos,2,Hormigón,Apto,Seca,Día,NO,Despejado,Buena,Funciona,Maquinaria
1182,49514,2019-03-13,12:00:00,Urbana,Avenida,AV CHACABUCO,2100,LA MADRID,-2.748.418,-5.881.572,2,1,0,3,0,Colisión entre vehículos,3,Hormigón,Apto,Seca,Día,SI,Despejado,Buena,Sin Semáforo,Motocicleta
1183,49514,2019-03-13,12:00:00,Urbana,Avenida,AV CHACABUCO,2100,LA MADRID,-2.748.418,-5.881.572,2,1,0,3,0,Colisión entre vehículos,3,Hormigón,Apto,Seca,Día,SI,Despejado,Buena,Sin Semáforo,Automóvil
1184,49514,2019-03-13,12:00:00,Urbana,Avenida,AV CHACABUCO,2100,LA MADRID,-2.748.418,-5.881.572,2,1,0,3,0,Colisión entre vehículos,3,Hormigón,Apto,Seca,Día,SI,Despejado,Buena,Sin Semáforo,Automóvil
1185,67481,2019-03-13,08:00:00,Urbana,Calle,BONASTRE,1900,RAFAELA,-2.749.665,-5.883.059,2,0,0,2,0,Colisión entre vehículos,2,Hormigón,Apto,Seca,Día,NO,Despejado,Buena,Sin Semáforo,Automóvil
1186,67481,2019-03-13,08:00:00,Urbana,Calle,BONASTRE,1900,RAFAELA,-2.749.665,-5.883.059,2,0,0,2,0,Colisión entre vehículos,2,Hormigón,Apto,Seca,Día,NO,Despejado,Buena,Sin Semáforo,Transporte de carga
1187,49217,2019-03-13,02:30:00,Urbana,Ruta Provincial,RUTA PROVINCIAL N° 5,1,,-2.748.604,-5.876.971,0,1,0,1,0,Colisión entre vehículos,1,Asfalto,"Ahuellamiento, Baches","Con charcos o inundada, Mojada",Noche,NO,Nublado,,Intermitente,Motocicleta
1188,49565,2019-03-13,07:40:00,Urbana,Calle,RIOJA,1000,RIVADAVIA,-2.747.431,-5.883.878,2,1,0,2,0,Colisión entre vehículos,2,Asfalto,Apto,Seca,Día,NO,Despejado,Buena,Sin Semáforo,Motocicleta
1189,49565,2019-03-13,07:40:00,Urbana,Calle,RIOJA,1000,RIVADAVIA,-2.747.431,-5.883.878,2,1,0,2,0,Colisión entre vehículos,2,Asfalto,Apto,Seca,Día,NO,Despejado,Buena,Sin Semáforo,Automóvil
1190,60697,2019-03-13,23:00:00,Urbana,Calle,FERRE,2800,CHILE,-2.747.825,-5.881.724,1,1,0,2,0,Colisión entre vehículos,2,Hormigón,Apto,Seca,Día,SI,Despejado,Buena,Funciona,Automóvil
1191,60697,2019-03-13,23:00:00,Urbana,Calle,FERRE,2800,CHILE,-2.747.825,-5.881.724,1,1,0,2,0,Colisión entre vehículos,2,Hormigón,Apto,Seca,Día,SI,Despejado,Buena,Funciona,Motocicleta
1192,49244,2019-03-12,08:00:00,Urbana,Avenida,MAIPU,4900,,-2.750.898,-5.881.048,1,1,0,2,0,Colisión entre vehículos,2,Asfalto,,,Día,,Despejado,Buena,Sin Semáforo,Transporte de pasajeros
1193,49244,2019-03-12,08:00:00,Urbana,Avenida,MAIPU,4900,,-2.750.898,-5.881.048,1,1,0,2,0,Colisión entre vehículos,2,Asfalto,,,Día,,Despejado,Buena,Sin Semáforo,Motocicleta
1194,49491,2019-03-11,22:24:00,Urbana,Avenida,AV CAZADORES CORRENTINO,4200,LAS PIEDRAS,-2.748.724,-5.880.140,2,1,0,2,0,Colisión entre vehículos,2,Hormigón,Apto,Seca,Noche,SI,Despejado,Buena,Funciona,Automóvil
1195,49491,2019-03-11,22:24:00,Urbana,Avenida,AV CAZADORES CORRENTINO,4200,LAS PIEDRAS,-2.748.724,-5.880.140,2,1,0,2,0,Colisión entre vehículos,2,Hormigón,Apto,Seca,Noche,SI,Despejado,Buena,Funciona,Automóvil
1196,49293,2019-03-11,13:20:00,Urbana,Avenida,Av. CHACABUCO,2200,MADARIAGA,-2.748.513,-5.881.591,2,0,0,2,0,Colisión entre vehículos,2,Hormigón,Apto,Seca,Día,NO,Despejado,Buena,,Motocicleta
1197,49293,2019-03-11,13:20:00,Urbana,Avenida,Av. CHACABUCO,2200,MADARIAGA,-2.748.513,-5.881.591,2,0,0,2,0,Colisión entre vehículos,2,Hormigón,Apto,Seca,Día,NO,Despejado,Buena,,Automóvil
1198,49435,2019-03-11,12:00:00,Rural,Ruta Provincial,5,3.0,,-2.748.440,-5.878.046,0,3,0,2,0,Colisión entre vehículos,2,Asfalto,Apto,"Despejada, Seca",Día,SI,Despejado,Buena,Intermitente,Motocicleta
1199,49435,2019-03-11,12:00:00,Rural,Ruta Provincial,5,3.0,,-2.748.440,-5.878.046,0,3,0,2,0,Colisión entre vehículos,2,Asfalto,Apto,"Despejada, Seca",Día,SI,Despejado,Buena,Intermitente,Motocicleta
1200,49517,2019-03-11,10:45:00,Urbana,Calle,SAN MARTIN,1500,SAN LORENZO,-2.747.028,-5.883.204,2,0,0,2,0,Colisión entre vehículos,2,Asfalto,Apto,Seca,Noche,SI,Despejado,Buena,Sin Semáforo,Automóvil
1201,49517,2019-03-11,10:45:00,Urbana,Calle,SAN MARTIN,1500,SAN LORENZO,-2.747.028,-5.883.204,2,0,0,2,0,Colisión entre vehículos,2,Asfalto,Apto,Seca,Noche,SI,Despejado,Buena,Sin Semáforo,Automóvil
1202,49344,2019-03-11,13:45:00,Urbana,Avenida,AVENIDA CARTAGENA,3200,CORINTO,-2.749.350,-5.880.707,0,2,0,2,0,Colisión entre vehículos,2,Hormigón,Apto,Mojada,Día,NO,Lluvia,Buena,Sin Semáforo,Motocicleta
1203,49344,2019-03-11,13:45:00,Urbana,Avenida,AVENIDA CARTAGENA,3200,CORINTO,-2.749.350,-5.880.707,0,2,0,2,0,Colisión entre vehículos,2,Hormigón,Apto,Mojada,Día,NO,Lluvia,Buena,Sin Semáforo,Bicicleta
1204,49436,2019-03-10,17:50:00,Urbana,Avenida,AV. CHACABUCO Y LAMADRID,2100,,-2.748.409,-5.881.570,1,1,0,2,0,Colisión entre vehículos,2,Asfalto,Apto,Seca,Día,NO,Despejado,Buena,Sin Semáforo,Automóvil
1205,49436,2019-03-10,17:50:00,Urbana,Avenida,AV. CHACABUCO Y LAMADRID,2100,,-2.748.409,-5.881.570,1,1,0,2,0,Colisión entre vehículos,2,Asfalto,Apto,Seca,Día,NO,Despejado,Buena,Sin Semáforo,Motocicleta
1206,62895,2019-03-10,15:50:00,Urbana,Calle,RIOJA,1000,SAN MARTIN,-2.746.970,-5.883.830,0,2,0,1,1,Atropello a peatón/es,2,Asfalto,Apto,Seca,Día,NO,Despejado,Buena,Funciona,Motocicleta
1207,62895,2019-03-10,15:50:00,Urbana,Calle,RIOJA,1000,SAN MARTIN,-2.746.970,-5.883.830,0,2,0,1,1,Atropello a peatón/es,2,Asfalto,Apto,Seca,Día,NO,Despejado,Buena,Funciona,Peatón
1208,49372,2019-03-10,13:29:00,Urbana,Avenida,AV ARTIGAS,1300,ALMIRANTE BROWN,-2.747.385,-5.881.913,4,0,0,2,0,Colisión entre vehículos,2,Hormigón,Apto,Seca,Día,,Despejado,Buena,Sin Semáforo,Motocicleta
1209,49372,2019-03-10,13:29:00,Urbana,Avenida,AV ARTIGAS,1300,ALMIRANTE BROWN,-2.747.385,-5.881.913,4,0,0,2,0,Colisión entre vehículos,2,Hormigón,Apto,Seca,Día,,Despejado,Buena,Sin Semáforo,Camioneta/Utilitario
1210,49276,2019-03-10,14:30:00,Urbana,Avenida,AV 3 DE ABRIL,1600,SANTA FE,-2.747.642,-5.883.143,2,0,0,2,0,Colisión entre vehículos,2,Asfalto,Apto,Seca,Día,NO,Despejado,Buena,Funciona,Motocicleta
1211,49276,2019-03-10,14:30:00,Urbana,Avenida,AV 3 DE ABRIL,1600,SANTA FE,-2.747.642,-5.883.143,2,0,0,2,0,Colisión entre vehículos,2,Asfalto,Apto,Seca,Día,NO,Despejado,Buena,Funciona,Automóvil
1212,49285,2019-03-09,13:20:00,Urbana,Calle,MEDRANO,2800,RIO DE JANEIRO,-2.749.561,-5.879.648,2,0,0,2,0,Colisión entre vehículos,2,Hormigón,Apto,Seca,Día,NO,Despejado,Buena,Sin Semáforo,Automóvil
1213,49285,2019-03-09,13:20:00,Urbana,Calle,MEDRANO,2800,RIO DE JANEIRO,-2.749.561,-5.879.648,2,0,0,2,0,Colisión entre vehículos,2,Hormigón,Apto,Seca,Día,NO,Despejado,Buena,Sin Semáforo,Automóvil
1214,49555,2019-03-08,08:10:00,Urbana,Avenida,AVENIDA INDEPENDENCIA,3400,REPUBLICA DOMINICANA,-2.747.902,-5.881.133,2,0,0,2,0,Colisión entre vehículos,2,Hormigón,Apto,Seca,Día,NO,Despejado,Buena,Funciona,Camioneta/Utilitario
1215,49555,2019-03-08,08:10:00,Urbana,Avenida,AVENIDA INDEPENDENCIA,3400,REPUBLICA DOMINICANA,-2.747.902,-5.881.133,2,0,0,2,0,Colisión entre vehículos,2,Hormigón,Apto,Seca,Día,NO,Despejado,Buena,Funciona,Automóvil
1216,49564,2019-03-08,18:10:00,Urbana,Calle,GENERAL PAZ,1700,GUEMES,-2.748.206,-5.880.800,1,1,0,2,0,Colisión entre vehículos,2,Hormigón,Apto,Seca,Día,NO,Despejado,Buena,Sin Semáforo,Motocicleta
1217,49564,2019-03-08,18:10:00,Urbana,Calle,GENERAL PAZ,1700,GUEMES,-2.748.206,-5.880.800,1,1,0,2,0,Colisión entre vehículos,2,Hormigón,Apto,Seca,Día,NO,Despejado,Buena,Sin Semáforo,Camioneta/Utilitario
1218,54974,2019-03-07,08:30:00,Urbana,Avenida,AVENIDA LIBERTAD,4800,MONTEAGUDO,-2.746.678,-5.879.073,1,1,0,2,0,Colisión entre vehículos,2,Asfalto,Apto,Despejada,,NO,Despejado,Buena,Sin Semáforo,Automóvil
1219,54974,2019-03-07,08:30:00,Urbana,Avenida,AVENIDA LIBERTAD,4800,MONTEAGUDO,-2.746.678,-5.879.073,1,1,0,2,0,Colisión entre vehículos,2,Asfalto,Apto,Despejada,,NO,Despejado,Buena,Sin Semáforo,Motocicleta
1220,57240,2019-03-07,10:40:00,Urbana,Calle,GUASTAVINO,2100,LA MADRID,-2.748.089,-5.884.381,1,1,0,2,0,Colisión entre vehículos,2,Hormigón,Apto,Seca,Día,NO,Despejado,Buena,Sin Semáforo,Automóvil
1221,57240,2019-03-07,10:40:00,Urbana,Calle,GUASTAVINO,2100,LA MADRID,-2.748.089,-5.884.381,1,1,0,2,0,Colisión entre vehículos,2,Hormigón,Apto,Seca,Día,NO,Despejado,Buena,Sin Semáforo,Motocicleta
1222,54960,2019-03-06,10:20:00,Urbana,Avenida,AVENIDA INDEPENDENCIA,1599,RECONQUISTA,-2.747.848,-5.881.344,2,0,0,2,0,Colisión entre vehículos,2,Hormigón,Apto,Seca,,NO,Nublado,Buena,,Automóvil
1223,54960,2019-03-06,10:20:00,Urbana,Avenida,AVENIDA INDEPENDENCIA,1599,RECONQUISTA,-2.747.848,-5.881.344,2,0,0,2,0,Colisión entre vehículos,2,Hormigón,Apto,Seca,,NO,Nublado,Buena,,Transporte de carga
1224,54802,2019-03-06,11:30:00,Urbana,Avenida,AVENIDA LIBERTAD,4500,AVENIDA LAPRIDA,-2.746.586,-5.878.673,2,0,0,2,0,Colisión entre vehículos,2,Asfalto,Apto,Seca,Día,NO,Despejado,Buena,Funciona,Automóvil
1225,54802,2019-03-06,11:30:00,Urbana,Avenida,AVENIDA LIBERTAD,4500,AVENIDA LAPRIDA,-2.746.586,-5.878.673,2,0,0,2,0,Colisión entre vehículos,2,Asfalto,Apto,Seca,Día,NO,Despejado,Buena,Funciona,Automóvil
1226,56908,2019-03-05,00:15:00,Urbana,Calle,PAGO LARGO,900,JUNIN,-2.746.663,-5.884.805,1,1,0,2,0,Colisión entre vehículos,2,Hormigón,Apto,Seca,Noche,SI,Nublado,Buena,Sin Semáforo,Motocicleta
1227,56908,2019-03-05,00:15:00,Urbana,Calle,PAGO LARGO,900,JUNIN,-2.746.663,-5.884.805,1,1,0,2,0,Colisión entre vehículos,2,Hormigón,Apto,Seca,Noche,SI,Nublado,Buena,Sin Semáforo,Automóvil
1228,49238,2019-03-03,16:50:00,Urbana,Calle,PARAGUAY,1900',CORONEL BAIBENE,-2.746.297,-5.882.598,2,0,0,2,0,Colisión entre vehículos,2,Asfalto,Apto,"Despejada, Seca",Día,NO,Despejado,Buena,,Automóvil
1229,49238,2019-03-03,16:50:00,Urbana,Calle,PARAGUAY,1900',CORONEL BAIBENE,-2.746.297,-5.882.598,2,0,0,2,0,Colisión entre vehículos,2,Asfalto,Apto,"Despejada, Seca",Día,NO,Despejado,Buena,,Automóvil
1230,49326,2019-03-03,05:00:00,Urbana,Avenida,AVENIDA COSTANERA,500,,-2.746.842,-5.884.369,0,1,0,1,0,Despiste,1,Asfalto,Apto,Seca,Noche,SI,Despejado,Buena,Sin Semáforo,Motocicleta
1231,54984,2019-03-02,07:35:00,Urbana,Avenida,AVENIDA CHACABUCO,1500,AVENIDA INDEPENDENCIA,-2.747.843,-5.881.464,1,1,0,1,1,Atropello a peatón/es,2,Hormigón,Apto,"Despejada, Seca",Día,NO,Despejado,Buena,Sin Semáforo,Automóvil
1232,54984,2019-03-02,07:35:00,Urbana,Avenida,AVENIDA CHACABUCO,1500,AVENIDA INDEPENDENCIA,-2.747.843,-5.881.464,1,1,0,1,1,Atropello a peatón/es,2,Hormigón,Apto,"Despejada, Seca",Día,NO,Despejado,Buena,Sin Semáforo,Peatón
1233,59883,2019-03-02,08:30:00,Urbana,Calle,CHILE,2800,LAVALLE,-2.747.884,-5.881.736,1,1,0,2,0,Colisión entre vehículos,2,Asfalto,Apto,Mojada,Día,NO,Lluvia,Lluvia,Sin Semáforo,Motocicleta
1234,59883,2019-03-02,08:30:00,Urbana,Calle,CHILE,2800,LAVALLE,-2.747.884,-5.881.736,1,1,0,2,0,Colisión entre vehículos,2,Asfalto,Apto,Mojada,Día,NO,Lluvia,Lluvia,Sin Semáforo,Automóvil
1235,49458,2019-03-02,08:30:00,Urbana,Calle,MADARIAGA,1000,HEROES CIVILES,-2.748.265,-5.883.998,1,1,0,2,0,Colisión entre vehículos,2,Hormigón,Apto,Seca,Día,NO,Despejado,Buena,Sin Semáforo,Motocicleta
1236,49458,2019-03-02,08:30:00,Urbana,Calle,MADARIAGA,1000,HEROES CIVILES,-2.748.265,-5.883.998,1,1,0,2,0,Colisión entre vehículos,2,Hormigón,Apto,Seca,Día,NO,Despejado,Buena,Sin Semáforo,Automóvil
1237,60698,2019-03-02,06:50:00,Urbana,Avenida,RAUL ALFONSIN,4100,LOS TILOS,-2.747.411,-5.880.141,2,0,0,2,0,Colisión entre vehículos,2,Asfalto,Ahuellamiento,Seca,Día,NO,Despejado,Buena,Sin Semáforo,Motocicleta
1238,60698,2019-03-02,06:50:00,Urbana,Avenida,RAUL ALFONSIN,4100,LOS TILOS,-2.747.411,-5.880.141,2,0,0,2,0,Colisión entre vehículos,2,Asfalto,Ahuellamiento,Seca,Día,NO,Despejado,Buena,Sin Semáforo,Motocicleta
1239,62887,2019-03-01,04:15:00,Urbana,Calle,CARTAGENA,3900,,-2.749.357,-5.880.588,0,1,0,1,0,Choque,1,Hormigón,Apto,Seca,Amanecer,NO,Despejado,Buena,Sin Semáforo,Automóvil
1240,64186,2019-02-28,08:00:00,Urbana,Avenida,GDOR. SOTO,1901,PARAGUAY,-2.747.795,-5.882.766,1,1,0,2,0,Colisión entre vehículos,2,Hormigón,Apto,Seca,Día,NO,Despejado,Buena,Sin Semáforo,Automóvil
1241,64186,2019-02-28,08:00:00,Urbana,Avenida,GDOR. SOTO,1901,PARAGUAY,-2.747.795,-5.882.766,1,1,0,2,0,Colisión entre vehículos,2,Hormigón,Apto,Seca,Día,NO,Despejado,Buena,Sin Semáforo,Motocicleta
1242,49333,2019-02-28,09:35:00,Urbana,Calle,SAN MARTIN,1200,CORDOBA,-2.747.002,-5.883.470,2,1,0,2,0,Colisión entre vehículos,2,Asfalto,Apto,Seca,Día,NO,Despejado,Buena,Sin Semáforo,Automóvil
1243,49333,2019-02-28,09:35:00,Urbana,Calle,SAN MARTIN,1200,CORDOBA,-2.747.002,-5.883.470,2,1,0,2,0,Colisión entre vehículos,2,Asfalto,Apto,Seca,Día,NO,Despejado,Buena,Sin Semáforo,Automóvil
1244,49587,2019-02-27,10:00:00,Urbana,Avenida,AV ARMENIA,4300,BENITO LINCH,-2.746.842,-5.879.720,1,1,0,1,1,Colisión entre vehículos,2,Hormigón,Apto,Seca,Día,NO,Despejado,Buena,Sin Semáforo,Automóvil
1245,49587,2019-02-27,10:00:00,Urbana,Avenida,AV ARMENIA,4300,BENITO LINCH,-2.746.842,-5.879.720,1,1,0,1,1,Colisión entre vehículos,2,Hormigón,Apto,Seca,Día,NO,Despejado,Buena,Sin Semáforo,Peatón
1246,53638,2019-02-27,00:40:00,Urbana,Avenida,Velez Sarfield,2400,Avenida Gdor. Ruiz,-2.746.680,-5.881.989,2,1,0,2,0,Colisión entre vehículos,2,Asfalto,Apto,"Despejada, Seca",Noche,SI,Despejado,Buena,Sin Semáforo,Automóvil
1247,53638,2019-02-27,00:40:00,Urbana,Avenida,Velez Sarfield,2400,Avenida Gdor. Ruiz,-2.746.680,-5.881.989,2,1,0,2,0,Colisión entre vehículos,2,Asfalto,Apto,"Despejada, Seca",Noche,SI,Despejado,Buena,Sin Semáforo,Motocicleta
1248,49473,2019-02-26,08:15:00,Urbana,Avenida,AVENIDA MAIPU,2000,ACONCAGUA,-2.749.815,-5.881.518,1,1,0,2,0,Colisión entre vehículos,2,Asfalto,Apto,Seca,Día,NO,Despejado,Buena,Funciona,Motocicleta
1249,49473,2019-02-26,08:15:00,Urbana,Avenida,AVENIDA MAIPU,2000,ACONCAGUA,-2.749.815,-5.881.518,1,1,0,2,0,Colisión entre vehículos,2,Asfalto,Apto,Seca,Día,NO,Despejado,Buena,Funciona,Automóvil
1250,49485,2019-02-26,07:10:00,Urbana,Avenida,AV ARMENIA,3200,,-2.746.707,-5.880.765,2,0,0,2,0,Colisión entre vehículos,2,Asfalto,Apto,Mojada,Día,NO,Lluvia,Buena,Sin Semáforo,Automóvil
1251,49485,2019-02-26,07:10:00,Urbana,Avenida,AV ARMENIA,3200,,-2.746.707,-5.880.765,2,0,0,2,0,Colisión entre vehículos,2,Asfalto,Apto,Mojada,Día,NO,Lluvia,Buena,Sin Semáforo,Motocicleta
1252,49502,2019-02-26,22:20:00,Urbana,Avenida,AV 3 DE ABRIL,1300,CORDOBA,-2.747.595,-5.883.526,1,1,0,2,0,Colisión entre vehículos,2,Hormigón,Apto,Seca,Noche,SI,Despejado,Buena,Funciona,Automóvil
1253,49502,2019-02-26,22:20:00,Urbana,Avenida,AV 3 DE ABRIL,1300,CORDOBA,-2.747.595,-5.883.526,1,1,0,2,0,Colisión entre vehículos,2,Hormigón,Apto,Seca,Noche,SI,Despejado,Buena,Funciona,Motocicleta
1254,49242,2019-02-26,07:40:00,Urbana,Avenida,AV. MAIPU,2400,,-2.750.066,-5.881.355,0,3,0,1,0,Colisión entre vehículos,1,Asfalto,Apto,Seca,Día,,Despejado,Buena,Sin Semáforo,Automóvil
1255,49519,2019-02-24,12:30:00,Urbana,Calle,IRIGOYEN,1000,VELES SARSFIELD,-2.747.020,-5.882.029,2,0,0,2,0,Colisión entre vehículos,2,Hormigón,Apto,Seca,Día,NO,Despejado,Buena,Sin Semáforo,Automóvil
1256,49519,2019-02-24,12:30:00,Urbana,Calle,IRIGOYEN,1000,VELES SARSFIELD,-2.747.020,-5.882.029,2,0,0,2,0,Colisión entre vehículos,2,Hormigón,Apto,Seca,Día,NO,Despejado,Buena,Sin Semáforo,Automóvil
1257,67706,2019-02-23,06:30:00,Urbana,Avenida,AV MAIPU,1507,SANTA CATALINA,-2.749.164,-5.881.972,2,0,0,2,0,Colisión entre vehículos,2,Asfalto,Apto,Seca,,NO,Despejado,Buena,Funciona,Automóvil
1258,67706,2019-02-23,06:30:00,Urbana,Avenida,AV MAIPU,1507,SANTA CATALINA,-2.749.164,-5.881.972,2,0,0,2,0,Colisión entre vehículos,2,Asfalto,Apto,Seca,,NO,Despejado,Buena,Funciona,Automóvil
1259,49411,2019-02-23,10:15:00,Urbana,Calle,LA RIOJA,1000,BELGRANO,-2.747.193,-5.883.853,2,1,0,2,0,Colisión entre vehículos,2,Asfalto,Apto,Seca,Día,NO,Nublado,Buena,Sin Semáforo,Motocicleta
1260,49411,2019-02-23,10:15:00,Urbana,Calle,LA RIOJA,1000,BELGRANO,-2.747.193,-5.883.853,2,1,0,2,0,Colisión entre vehículos,2,Asfalto,Apto,Seca,Día,NO,Nublado,Buena,Sin Semáforo,Camioneta/Utilitario
1261,53721,2019-02-23,17:25:00,Urbana,Ruta Provincial,N°5,"0,5",Dr. CONTRERAS,-2.748.528,-5.877.497,1,1,0,2,0,Colisión entre vehículos,2,Asfalto,Apto,Seca,Día,NO,Despejado,Buena,Sin Semáforo,Transporte de carga
1262,53721,2019-02-23,17:25:00,Urbana,Ruta Provincial,N°5,"0,5",Dr. CONTRERAS,-2.748.528,-5.877.497,1,1,0,2,0,Colisión entre vehículos,2,Asfalto,Apto,Seca,Día,NO,Despejado,Buena,Sin Semáforo,Motocicleta
1263,49354,2019-02-22,12:30:00,Urbana,Avenida,AVENIDA MAIPU,2500,LOS CONDORES,-2.749.992,-5.881.401,3,1,0,3,0,Colisión entre vehículos,3,Hormigón,Apto,"Despejada, Seca",Día,NO,Despejado,Buena,Sin Semáforo,Automóvil
1264,49354,2019-02-22,12:30:00,Urbana,Avenida,AVENIDA MAIPU,2500,LOS CONDORES,-2.749.992,-5.881.401,3,1,0,3,0,Colisión entre vehículos,3,Hormigón,Apto,"Despejada, Seca",Día,NO,Despejado,Buena,Sin Semáforo,Motocicleta
1265,49354,2019-02-22,12:30:00,Urbana,Avenida,AVENIDA MAIPU,2500,LOS CONDORES,-2.749.992,-5.881.401,3,1,0,3,0,Colisión entre vehículos,3,Hormigón,Apto,"Despejada, Seca",Día,NO,Despejado,Buena,Sin Semáforo,Automóvil
1266,53675,2019-02-22,11:37:00,Urbana,Calle,BELGRANO,1300,SALTA,-2.747.186,-5.883.945,2,1,0,2,0,Colisión entre vehículos,2,Asfalto,Apto,"Despejada, Seca",Día,NO,Despejado,Buena,Sin Semáforo,Automóvil
1267,53675,2019-02-22,11:37:00,Urbana,Calle,BELGRANO,1300,SALTA,-2.747.186,-5.883.945,2,1,0,2,0,Colisión entre vehículos,2,Asfalto,Apto,"Despejada, Seca",Día,NO,Despejado,Buena,Sin Semáforo,Camioneta/Utilitario
1268,49267,2019-02-22,06:40:00,Urbana,Avenida,AV RAUL ALFONSIN,4800,ONTIVEROS,-2.747.608,-5.879.266,2,1,0,2,0,Colisión entre vehículos,2,Asfalto,Apto,Seca,Amanecer,NO,Despejado,Buena,Sin Semáforo,Automóvil
1269,49267,2019-02-22,06:40:00,Urbana,Avenida,AV RAUL ALFONSIN,4800,ONTIVEROS,-2.747.608,-5.879.266,2,1,0,2,0,Colisión entre vehículos,2,Asfalto,Apto,Seca,Amanecer,NO,Despejado,Buena,Sin Semáforo,Motocicleta
1270,49468,2019-02-21,13:15:00,Urbana,Ruta Provincial,RUTA PROVINCIAL N°5,1 1/2,FRENTE PACHECO,-2.748.601,-5.877.061,3,1,0,3,0,Colisión entre vehículos,3,Asfalto,Apto,Mojada,Día,NO,Nublado,Buena,Funciona,Automóvil