,id_feu,siniestro_fecha,siniestro_hora,zona_ocurrencia,via_publica,nombre_via,altura_km,entre_calle_1,latitud,longitud,ilesos,heridos,fallecidos,vehiculos,peatones,tipo_siniestro_unico,cantidad_de_involucrados,material_de_la_calzada,estado_de_la_calzada,estado_fisico_ambiental,luminosidad,luz_artificial,estado_ambiental,visibilidad,semaforo,tipo_involucrado
1271,49468,2019-02-21,13:15:00,Urbana,Ruta Provincial,RUTA PROVINCIAL N°5,1 1/2,FRENTE PACHECO,-2.748.601,-5.877.061,3,1,0,3,0,Colisión entre vehículos,3,Asfalto,Apto,Mojada,Día,NO,Nublado,Buena,Funciona,Automóvil
1272,49468,2019-02-21,13:15:00,Urbana,Ruta Provincial,RUTA PROVINCIAL N°5,1 1/2,FRENTE PACHECO,-2.748.601,-5.877.061,3,1,0,3,0,Colisión entre vehículos,3,Asfalto,Apto,Mojada,Día,NO,Nublado,Buena,Funciona,Transporte de pasajeros
1273,58999,2019-02-21,00:20:00,Urbana,Avenida,TRES DE ABRIL,1600,MENDOZA,-2.747.577,-5.883.650,1,1,0,2,0,Colisión entre vehículos,2,Hormigón,Apto,Seca,Día,,Despejado,Buena,Funciona,Transporte de carga
1274,58999,2019-02-21,00:20:00,Urbana,Avenida,TRES DE ABRIL,1600,MENDOZA,-2.747.577,-5.883.650,1,1,0,2,0,Colisión entre vehículos,2,Hormigón,Apto,Seca,Día,,Despejado,Buena,Funciona,Motocicleta
1275,49272,2019-02-21,17:15:00,Urbana,Avenida,MAIPU,6000,TARTAGAL,-2.751.421,-5.880.670,1,1,0,2,0,Colisión entre vehículos,2,Asfalto,Apto,Seca,Día,NO,Despejado,Buena,Sin Semáforo,Automóvil
1276,49272,2019-02-21,17:15:00,Urbana,Avenida,MAIPU,6000,TARTAGAL,-2.751.421,-5.880.670,1,1,0,2,0,Colisión entre vehículos,2,Asfalto,Apto,Seca,Día,NO,Despejado,Buena,Sin Semáforo,Motocicleta
1277,49557,2019-02-20,01:35:00,Urbana,Calle,RIO DE JANEIRO,4500,DARRAGUEIRA,-2.749.445,-5.879.870,2,0,0,2,0,Colisión entre vehículos,2,Hormigón,Apto,Seca,Noche,SI,Despejado,Buena,Sin Semáforo,Automóvil
1278,49557,2019-02-20,01:35:00,Urbana,Calle,RIO DE JANEIRO,4500,DARRAGUEIRA,-2.749.445,-5.879.870,2,0,0,2,0,Colisión entre vehículos,2,Hormigón,Apto,Seca,Noche,SI,Despejado,Buena,Sin Semáforo,Motocicleta
1279,58477,2019-02-20,07:00:00,Urbana,Calle,MENDOZA,2201,MADARIAGA,-2.748.299,-5.883.745,0,2,0,2,0,Colisión entre vehículos,2,Hormigón,Apto,Seca,Día,NO,Despejado,Buena,Sin Semáforo,Motocicleta
1280,58477,2019-02-20,07:00:00,Urbana,Calle,MENDOZA,2201,MADARIAGA,-2.748.299,-5.883.745,0,2,0,2,0,Colisión entre vehículos,2,Hormigón,Apto,Seca,Día,NO,Despejado,Buena,Sin Semáforo,Motocicleta
1281,62885,2019-02-20,15:55:00,Urbana,Avenida,FERRE,2599,ARTIGAS,-2.747.808,-5.881.968,2,0,0,2,0,Colisión entre vehículos,2,Hormigón,Apto,Seca,Día,SI,Despejado,Buena,Funciona,Automóvil
1282,62885,2019-02-20,15:55:00,Urbana,Avenida,FERRE,2599,ARTIGAS,-2.747.808,-5.881.968,2,0,0,2,0,Colisión entre vehículos,2,Hormigón,Apto,Seca,Día,SI,Despejado,Buena,Funciona,Motocicleta
1283,64885,2019-02-20,11:35:00,Urbana,Avenida,AV ARTIGAS,1800,AV FERRE,-2.747.781,-5.881.979,1,1,0,2,0,Colisión entre vehículos,2,Asfalto,Apto,Seca,Día,NO,Despejado,Buena,Sin Semáforo,Automóvil
1284,64885,2019-02-20,11:35:00,Urbana,Avenida,AV ARTIGAS,1800,AV FERRE,-2.747.781,-5.881.979,1,1,0,2,0,Colisión entre vehículos,2,Asfalto,Apto,Seca,Día,NO,Despejado,Buena,Sin Semáforo,Motocicleta
1285,49327,2019-02-20,11:35:00,Urbana,Avenida,AVENIDA ALBERDI,600,LA MADRID,-2.748.076,-5.884.516,0,2,0,2,0,Colisión entre vehículos,2,Hormigón,Apto,Seca,Día,NO,Despejado,Buena,Sin Semáforo,Motocicleta
1286,49327,2019-02-20,11:35:00,Urbana,Avenida,AVENIDA ALBERDI,600,LA MADRID,-2.748.076,-5.884.516,0,2,0,2,0,Colisión entre vehículos,2,Hormigón,Apto,Seca,Día,NO,Despejado,Buena,Sin Semáforo,Motocicleta
1287,49610,2019-02-20,12:20:00,Urbana,Calle,GENERAL PAZ,1700,SAN LORENZO,-2.747.877,-5.883.286,2,0,0,2,0,Colisión entre vehículos,2,Hormigón,Apto,Seca,Día,NO,Despejado,Buena,Sin Semáforo,Motocicleta
1288,49610,2019-02-20,12:20:00,Urbana,Calle,GENERAL PAZ,1700,SAN LORENZO,-2.747.877,-5.883.286,2,0,0,2,0,Colisión entre vehículos,2,Hormigón,Apto,Seca,Día,NO,Despejado,Buena,Sin Semáforo,Automóvil
1289,64863,2019-02-19,22:58:00,Urbana,Avenida,PTE. FRONDIZI,3000,CUBA,-2.750.480,-5.879.770,2,0,0,2,0,Colisión entre vehículos,2,Hormigón,Apto,Seca,Día,,Despejado,Buena,Funciona,Motocicleta
1290,64863,2019-02-19,22:58:00,Urbana,Avenida,PTE. FRONDIZI,3000,CUBA,-2.750.480,-5.879.770,2,0,0,2,0,Colisión entre vehículos,2,Hormigón,Apto,Seca,Día,,Despejado,Buena,Funciona,Motocicleta
1291,49247,2019-02-19,11:45:00,Urbana,Avenida,AV CAZADORES CORRENTINOS,5400,NAPOLES,-2.749.041,-5.878.182,1,0,1,2,0,Colisión entre vehículos,2,Asfalto,Apto,Seca,Día,NO,Despejado,Buena,Sin Semáforo,Automóvil
1292,49247,2019-02-19,11:45:00,Urbana,Avenida,AV CAZADORES CORRENTINOS,5400,NAPOLES,-2.749.041,-5.878.182,1,0,1,2,0,Colisión entre vehículos,2,Asfalto,Apto,Seca,Día,NO,Despejado,Buena,Sin Semáforo,Bicicleta
1293,53875,2019-02-19,08:30:00,Urbana,Avenida,AVENIDA RAUL ALFONSIN,4200,LAS PIEDRAS,-2.747.467,-5.879.950,1,1,0,2,0,Colisión entre vehículos,2,Asfalto,Apto,Seca,Día,NO,Despejado,Buena,Sin Semáforo,Automóvil
1294,53875,2019-02-19,08:30:00,Urbana,Avenida,AVENIDA RAUL ALFONSIN,4200,LAS PIEDRAS,-2.747.467,-5.879.950,1,1,0,2,0,Colisión entre vehículos,2,Asfalto,Apto,Seca,Día,NO,Despejado,Buena,Sin Semáforo,Motocicleta
1295,54201,2019-02-19,00:29:00,Urbana,Calle,GUTEMBERG,2200,PERUGORRIA,-2.748.471,-5.883.239,1,1,0,2,0,Colisión entre vehículos,2,Hormigón,Apto,Seca,Noche,SI,Despejado,Buena,Sin Semáforo,Automóvil
1296,54201,2019-02-19,00:29:00,Urbana,Calle,GUTEMBERG,2200,PERUGORRIA,-2.748.471,-5.883.239,1,1,0,2,0,Colisión entre vehículos,2,Hormigón,Apto,Seca,Noche,SI,Despejado,Buena,Sin Semáforo,Motocicleta
1297,49343,2019-02-18,11:15:00,Urbana,Calle,ESTADOS UNIDOS,3000,JUNIN,-2.747.020,-5.881.348,2,0,0,2,0,Colisión entre vehículos,2,Hormigón,Apto,"Despejada, Seca",Día,NO,Despejado,Buena,Sin Semáforo,Motocicleta
1298,49343,2019-02-18,11:15:00,Urbana,Calle,ESTADOS UNIDOS,3000,JUNIN,-2.747.020,-5.881.348,2,0,0,2,0,Colisión entre vehículos,2,Hormigón,Apto,"Despejada, Seca",Día,NO,Despejado,Buena,Sin Semáforo,Motocicleta
1299,49614,2019-02-18,19:30:00,Urbana,Avenida,AVENIDA ARMENIA,4300,BENITO LINCH,-2.746.843,-5.879.718,1,1,0,2,0,Colisión entre vehículos,2,Hormigón,Apto,Seca,Noche,SI,Despejado,,Sin Semáforo,Bicicleta
1300,49614,2019-02-18,19:30:00,Urbana,Avenida,AVENIDA ARMENIA,4300,BENITO LINCH,-2.746.843,-5.879.718,1,1,0,2,0,Colisión entre vehículos,2,Hormigón,Apto,Seca,Noche,SI,Despejado,,Sin Semáforo,Bicicleta
1301,62283,2019-02-17,12:30:00,Urbana,Calle,CATAMARCA,900,,-2.746.795,-5.883.308,1,1,0,2,0,Colisión entre vehículos,2,Asfalto,Apto,Mojada,Día,NO,Lluvia,Lluvia,Funciona,Automóvil
1302,62283,2019-02-17,12:30:00,Urbana,Calle,CATAMARCA,900,,-2.746.795,-5.883.308,1,1,0,2,0,Colisión entre vehículos,2,Asfalto,Apto,Mojada,Día,NO,Lluvia,Lluvia,Funciona,Motocicleta
1303,49289,2019-02-16,11:45:00,Urbana,Avenida,AV MAIPU,3000,TUPUNGATO,-2.750.058,-5.881.349,1,1,0,2,0,Colisión entre vehículos,2,Asfalto,,,Día,SI,Despejado,Buena,Sin Semáforo,Automóvil
1304,49289,2019-02-16,11:45:00,Urbana,Avenida,AV MAIPU,3000,TUPUNGATO,-2.750.058,-5.881.349,1,1,0,2,0,Colisión entre vehículos,2,Asfalto,,,Día,SI,Despejado,Buena,Sin Semáforo,Motocicleta
1305,49405,2019-02-16,20:30:00,Urbana,Avenida,AVENIDA MAIPU,2700,VALPARAISO,-2.749.724,-5.881.587,1,1,0,2,0,Colisión entre vehículos,2,Hormigón,Apto,,Noche,SI,Despejado,Buena,Sin Semáforo,Motocicleta
1306,49405,2019-02-16,20:30:00,Urbana,Avenida,AVENIDA MAIPU,2700,VALPARAISO,-2.749.724,-5.881.587,1,1,0,2,0,Colisión entre vehículos,2,Hormigón,Apto,,Noche,SI,Despejado,Buena,Sin Semáforo,Automóvil
1307,67478,2019-02-16,19:25:00,Urbana,Avenida,AV MAIPU,300,,-2.747.878,-5.882.928,1,1,0,2,0,Colisión entre vehículos,2,Asfalto,Apto,Seca,Atardecer,NO,Despejado,Buena,Sin Semáforo,Motocicleta
1308,67478,2019-02-16,19:25:00,Urbana,Avenida,AV MAIPU,300,,-2.747.878,-5.882.928,1,1,0,2,0,Colisión entre vehículos,2,Asfalto,Apto,Seca,Atardecer,NO,Despejado,Buena,Sin Semáforo,Bicicleta
1309,49464,2019-02-14,17:20:00,Urbana,Avenida,AV 3 DE ABRIL,2800,CHILE,-2.747.839,-5.881.732,1,1,0,2,0,Colisión entre vehículos,2,Hormigón,Apto,"Despejada, Seca",Día,NO,Despejado,Buena,Sin Semáforo,Transporte de pasajeros
1310,49464,2019-02-14,17:20:00,Urbana,Avenida,AV 3 DE ABRIL,2800,CHILE,-2.747.839,-5.881.732,1,1,0,2,0,Colisión entre vehículos,2,Hormigón,Apto,"Despejada, Seca",Día,NO,Despejado,Buena,Sin Semáforo,Motocicleta
1311,56783,2019-02-13,15:27:00,Urbana,Calle,BELGRANO,2200,ROCA,-2.747.341,-5.882.333,1,1,0,2,0,Colisión entre vehículos,2,Asfalto,Apto,Seca,Día,,Despejado,Buena,Sin Semáforo,Automóvil
1312,56783,2019-02-13,15:27:00,Urbana,Calle,BELGRANO,2200,ROCA,-2.747.341,-5.882.333,1,1,0,2,0,Colisión entre vehículos,2,Asfalto,Apto,Seca,Día,,Despejado,Buena,Sin Semáforo,Motocicleta
1313,68863,2019-02-13,12:20:00,Urbana,Calle,GUTEMBERG,2000,LAMADRID,,,1,1,0,2,0,Colisión entre vehículos,2,Asfalto,Apto,Seca,Día,NO,Despejado,Buena,Sin Semáforo,Automóvil
1314,68863,2019-02-13,12:20:00,Urbana,Calle,GUTEMBERG,2000,LAMADRID,,,1,1,0,2,0,Colisión entre vehículos,2,Asfalto,Apto,Seca,Día,NO,Despejado,Buena,Sin Semáforo,Motocicleta
1315,62897,2019-02-13,17:00:00,Urbana,Avenida,CHACABUCO,2999,NECOCHEA,-2.748.217,-5.881.545,0,2,0,1,0,Colisión entre vehículos,1,Hormigón,Apto,Seca,Día,NO,Despejado,Buena,Sin Semáforo,Motocicleta
1316,62907,2019-02-12,06:30:00,Urbana,Calle,LA MADRID,560,,-2.748.071,-5.884.565,2,0,0,2,0,Colisión entre vehículos,2,Hormigón,Apto,Seca,Amanecer,NO,Despejado,Buena,Sin Semáforo,Automóvil
1317,62907,2019-02-12,06:30:00,Urbana,Calle,LA MADRID,560,,-2.748.071,-5.884.565,2,0,0,2,0,Colisión entre vehículos,2,Hormigón,Apto,Seca,Amanecer,NO,Despejado,Buena,Sin Semáforo,Automóvil
1318,49253,2019-02-12,09:10:00,Urbana,Avenida,Maipu,2700,Caribe,-2.749.894,-5.881.472,1,1,0,2,0,Colisión entre vehículos,2,Asfalto,Apto,Seca,Día,NO,Despejado,Buena,Sin Semáforo,Motocicleta
1319,49253,2019-02-12,09:10:00,Urbana,Avenida,Maipu,2700,Caribe,-2.749.894,-5.881.472,1,1,0,2,0,Colisión entre vehículos,2,Asfalto,Apto,Seca,Día,NO,Despejado,Buena,Sin Semáforo,Bicicleta
1320,49361,2019-02-12,18:20:00,Urbana,Calle,FRAGATA ARGENTINA,1800,EX VIA GRAL URQUIZA,-2.749.416,-5.881.558,2,1,0,2,0,Colisión entre vehículos,2,Tierra,Apto,Seca,Día,NO,Despejado,Buena,Sin Semáforo,Motocicleta
1321,49361,2019-02-12,18:20:00,Urbana,Calle,FRAGATA ARGENTINA,1800,EX VIA GRAL URQUIZA,-2.749.416,-5.881.558,2,1,0,2,0,Colisión entre vehículos,2,Tierra,Apto,Seca,Día,NO,Despejado,Buena,Sin Semáforo,Tracción a sangre
1322,62905,2019-02-12,12:30:00,Urbana,Avenida,ARTIGAS,1101,SAN MARTIN,-2.747.162,-5.881.865,2,0,0,2,0,Colisión entre vehículos,2,Asfalto,Apto,Seca,Día,NO,Despejado,Buena,Funciona,Automóvil
1323,62905,2019-02-12,12:30:00,Urbana,Avenida,ARTIGAS,1101,SAN MARTIN,-2.747.162,-5.881.865,2,0,0,2,0,Colisión entre vehículos,2,Asfalto,Apto,Seca,Día,NO,Despejado,Buena,Funciona,Motocicleta
1324,49235,2019-02-12,09:45:00,Urbana,Calle,SAN MARTIN,1300,CORDOBA,-2.747.002,-5.883.466,1,2,0,2,0,Colisión entre vehículos,2,Asfalto,Apto,"Despejada, Seca",Día,NO,Despejado,Buena,Sin Semáforo,Automóvil
1325,49235,2019-02-12,09:45:00,Urbana,Calle,SAN MARTIN,1300,CORDOBA,-2.747.002,-5.883.466,1,2,0,2,0,Colisión entre vehículos,2,Asfalto,Apto,"Despejada, Seca",Día,NO,Despejado,Buena,Sin Semáforo,Motocicleta
1326,49330,2019-02-11,08:00:00,Urbana,Calle,SAN FRANCISCO DE ASIS,4925,THAMES,-2.749.465,-5.879.403,1,0,0,1,0,Vuelco (solo 1 participante),1,Asfalto,Apto,Seca,Día,NO,Despejado,Buena,Sin Semáforo,Automóvil
1327,49254,2019-02-11,09:50:00,Urbana,Avenida,MEDRANO,3200,CARTAGENA,-2.749.610,-5.880.030,1,0,0,1,0,Colisión entre vehículos,1,Asfalto,Apto,Seca,Día,NO,Despejado,Buena,No Funciona,Automóvil
1328,55249,2019-02-11,08:45:00,Urbana,Calle,BELGRANO,2400,VELEZ SARSFIELD,-2.747.373,-5.882.084,2,2,0,2,0,Colisión entre vehículos,2,Asfalto,Apto,Seca,Día,NO,Despejado,Buena,Sin Semáforo,Automóvil
1329,55249,2019-02-11,08:45:00,Urbana,Calle,BELGRANO,2400,VELEZ SARSFIELD,-2.747.373,-5.882.084,2,2,0,2,0,Colisión entre vehículos,2,Asfalto,Apto,Seca,Día,NO,Despejado,Buena,Sin Semáforo,Motocicleta
1330,67703,2019-02-10,15:35:00,Urbana,Calle,ESPAÑA,600,PELLEGRINI,-2.746.602,-5.882.898,2,0,0,2,0,Colisión entre vehículos,2,Asfalto,Apto,Seca,Día,NO,Despejado,Buena,Sin Semáforo,Automóvil
1331,67703,2019-02-10,15:35:00,Urbana,Calle,ESPAÑA,600,PELLEGRINI,-2.746.602,-5.882.898,2,0,0,2,0,Colisión entre vehículos,2,Asfalto,Apto,Seca,Día,NO,Despejado,Buena,Sin Semáforo,Motocicleta
1332,49236,2019-02-09,16:30:00,Urbana,Calle,A. ESPAÑA,1700,MORENO,-2.747.387,-5.882.984,2,0,0,2,0,Colisión entre vehículos,2,Asfalto,Apto,"Despejada, Seca",Día,NO,Despejado,Buena,,Automóvil
1333,49236,2019-02-09,16:30:00,Urbana,Calle,A. ESPAÑA,1700,MORENO,-2.747.387,-5.882.984,2,0,0,2,0,Colisión entre vehículos,2,Asfalto,Apto,"Despejada, Seca",Día,NO,Despejado,Buena,,Automóvil
1334,53628,2019-02-07,22:48:00,Urbana,Calle,ESPAÑA,1700,9 DE julio,-2.746.716,-5.882.904,3,0,0,3,0,Colisión entre vehículos,3,Asfalto,Apto,Seca,Noche,SI,Despejado,Buena,Sin Semáforo,Automóvil
1335,53628,2019-02-07,22:48:00,Urbana,Calle,ESPAÑA,1700,9 DE julio,-2.746.716,-5.882.904,3,0,0,3,0,Colisión entre vehículos,3,Asfalto,Apto,Seca,Noche,SI,Despejado,Buena,Sin Semáforo,Camioneta/Utilitario
1336,53628,2019-02-07,22:48:00,Urbana,Calle,ESPAÑA,1700,9 DE julio,-2.746.716,-5.882.904,3,0,0,3,0,Colisión entre vehículos,3,Asfalto,Apto,Seca,Noche,SI,Despejado,Buena,Sin Semáforo,Automóvil
1337,49337,2019-02-07,18:40:00,Urbana,Avenida,AVENIDA CARTAGENA,3100,RECONQUISTA,-2.749.235,-5.881.573,2,1,0,2,0,Colisión entre vehículos,2,Asfalto,,Mojada,Día,NO,Nublado,Buena,Intermitente,Automóvil
1338,49337,2019-02-07,18:40:00,Urbana,Avenida,AVENIDA CARTAGENA,3100,RECONQUISTA,-2.749.235,-5.881.573,2,1,0,2,0,Colisión entre vehículos,2,Asfalto,,Mojada,Día,NO,Nublado,Buena,Intermitente,Motocicleta
1339,49429,2019-02-06,13:45:00,Urbana,Calle,URUGUAY,2000,25 DE mayo,-2.746.533,-5.882.483,1,1,0,2,0,Colisión entre vehículos,2,Hormigón,Apto,"Despejada, Seca",Día,NO,Despejado,Buena,Sin Semáforo,Motocicleta
1340,49429,2019-02-06,13:45:00,Urbana,Calle,URUGUAY,2000,25 DE mayo,-2.746.533,-5.882.483,1,1,0,2,0,Colisión entre vehículos,2,Hormigón,Apto,"Despejada, Seca",Día,NO,Despejado,Buena,Sin Semáforo,Automóvil
1341,49201,2019-02-06,09:20:00,Urbana,Calle,CORDOBA,1300,BOLIVAR,-2.747.107,-5.883.483,1,1,0,2,0,Colisión entre vehículos,2,Asfalto,Apto,Seca,Día,NO,Despejado,Buena,Sin Semáforo,Motocicleta
1342,49201,2019-02-06,09:20:00,Urbana,Calle,CORDOBA,1300,BOLIVAR,-2.747.107,-5.883.483,1,1,0,2,0,Colisión entre vehículos,2,Asfalto,Apto,Seca,Día,NO,Despejado,Buena,Sin Semáforo,Automóvil
1343,49218,2019-02-06,23:00:00,Urbana,Calle,ALBERDI,1800,GENERAL PAZ,-2.747.726,-5.884.466,0,2,0,2,0,Colisión entre vehículos,2,Asfalto,Apto,Mojada,Noche,NO,Nublado,Buena,Sin Semáforo,Automóvil
1344,49218,2019-02-06,23:00:00,Urbana,Calle,ALBERDI,1800,GENERAL PAZ,-2.747.726,-5.884.466,0,2,0,2,0,Colisión entre vehículos,2,Asfalto,Apto,Mojada,Noche,NO,Nublado,Buena,Sin Semáforo,Motocicleta
1345,49421,2019-02-06,06:30:00,Urbana,Calle,MENDOZA,1200,BOLIVAR,-2.747.092,-5.883.595,1,2,0,2,0,Colisión entre vehículos,2,Asfalto,Apto,Seca,Amanecer,NO,Despejado,Buena,Sin Semáforo,Motocicleta
1346,49421,2019-02-06,06:30:00,Urbana,Calle,MENDOZA,1200,BOLIVAR,-2.747.092,-5.883.595,1,2,0,2,0,Colisión entre vehículos,2,Asfalto,Apto,Seca,Amanecer,NO,Despejado,Buena,Sin Semáforo,Automóvil
1347,56465,2019-02-05,10:50:00,Urbana,Calle,SAN MARTIN,1500,CATAMARCA,-2.747.016,-5.883.337,1,1,0,2,0,Colisión entre vehículos,2,Asfalto,Apto,Seca,Día,NO,Despejado,Buena,Sin Semáforo,Motocicleta
1348,56465,2019-02-05,10:50:00,Urbana,Calle,SAN MARTIN,1500,CATAMARCA,-2.747.016,-5.883.337,1,1,0,2,0,Colisión entre vehículos,2,Asfalto,Apto,Seca,Día,NO,Despejado,Buena,Sin Semáforo,Automóvil
1349,49355,2019-02-04,10:15:00,Urbana,Calle,SALTA,1137,,-2.746.992,-5.883.925,5,0,0,2,0,Colisión entre vehículos,2,Asfalto,Apto,Seca,Día,NO,Despejado,Buena,Sin Semáforo,Automóvil
1350,49355,2019-02-04,10:15:00,Urbana,Calle,SALTA,1137,,-2.746.992,-5.883.925,5,0,0,2,0,Colisión entre vehículos,2,Asfalto,Apto,Seca,Día,NO,Despejado,Buena,Sin Semáforo,Motocicleta
1351,59000,2019-02-04,02:10:00,Urbana,Avenida,TRES DE ABRIL,1600,CATAMARCA,-2.747.589,-5.883.394,2,0,0,2,0,Colisión entre vehículos,2,Hormigón,Apto,Seca,Amanecer,SI,Despejado,Buena,Funciona,Automóvil
1352,59000,2019-02-04,02:10:00,Urbana,Avenida,TRES DE ABRIL,1600,CATAMARCA,-2.747.589,-5.883.394,2,0,0,2,0,Colisión entre vehículos,2,Hormigón,Apto,Seca,Amanecer,SI,Despejado,Buena,Funciona,Motocicleta
1353,49513,2019-02-03,09:00:00,Urbana,Avenida,AV ARMENIA,4300,CRISTO OBRERO,-2.746.866,-5.879.798,1,1,0,2,0,Colisión entre vehículos,2,Asfalto,Apto,Seca,Día,NO,Despejado,Buena,Sin Semáforo,Automóvil
1354,49513,2019-02-03,09:00:00,Urbana,Avenida,AV ARMENIA,4300,CRISTO OBRERO,-2.746.866,-5.879.798,1,1,0,2,0,Colisión entre vehículos,2,Asfalto,Apto,Seca,Día,NO,Despejado,Buena,Sin Semáforo,Motocicleta
1355,54539,2019-02-03,09:00:00,Urbana,Avenida,RUTA 12,KM 5,AVENIDA INDEPENDENCIA,-2.748.372,-5.878.273,2,0,0,2,0,Colisión entre vehículos,2,Asfalto,Apto,Seca,Día,NO,Despejado,Buena,Sin Semáforo,Motocicleta
1356,54539,2019-02-03,09:00:00,Urbana,Avenida,RUTA 12,KM 5,AVENIDA INDEPENDENCIA,-2.748.372,-5.878.273,2,0,0,2,0,Colisión entre vehículos,2,Asfalto,Apto,Seca,Día,NO,Despejado,Buena,Sin Semáforo,Camioneta/Utilitario
1357,49207,2019-02-03,21:20:00,Urbana,Calle,LISANDRO SEGOVIA,2342,,-2.748.484,-5.883.634,2,0,0,2,0,Colisión entre vehículos,2,Asfalto,Apto,Seca,Noche,SI,Despejado,Buena,Sin Semáforo,Automóvil
1358,49207,2019-02-03,21:20:00,Urbana,Calle,LISANDRO SEGOVIA,2342,,-2.748.484,-5.883.634,2,0,0,2,0,Colisión entre vehículos,2,Asfalto,Apto,Seca,Noche,SI,Despejado,Buena,Sin Semáforo,Automóvil
1359,54955,2019-02-03,13:45:00,Urbana,Calle,ESTADO DE ISRAEL,2900,ESTOS UNIDO,-2.746.921,-5.883.041,1,2,0,2,0,Colisión entre vehículos,2,Hormigón,Apto,"Despejada, Seca",Día,SI,Despejado,Buena,Sin Semáforo,Automóvil
1360,54955,2019-02-03,13:45:00,Urbana,Calle,ESTADO DE ISRAEL,2900,ESTOS UNIDO,-2.746.921,-5.883.041,1,2,0,2,0,Colisión entre vehículos,2,Hormigón,Apto,"Despejada, Seca",Día,SI,Despejado,Buena,Sin Semáforo,Motocicleta
1361,55455,2019-02-02,04:30:00,Urbana,Calle,25 DE mayo,1600,SANTA FE,-2.746.495,-5.883.020,1,1,0,2,0,Colisión entre vehículos,2,Asfalto,Apto,Seca,Noche,SI,Despejado,Buena,Sin Semáforo,Automóvil
1362,55455,2019-02-02,04:30:00,Urbana,Calle,25 DE mayo,1600,SANTA FE,-2.746.495,-5.883.020,1,1,0,2,0,Colisión entre vehículos,2,Asfalto,Apto,Seca,Noche,SI,Despejado,Buena,Sin Semáforo,Motocicleta
1363,68834,2019-02-02,13:05:00,Urbana,Calle,Cordoba,1100,BELGRANO,,,1,1,0,2,0,Colisión entre vehículos,2,Asfalto,Apto,Seca,Día,NO,Despejado,Buena,Sin Semáforo,Automóvil
1364,68834,2019-02-02,13:05:00,Urbana,Calle,Cordoba,1100,BELGRANO,,,1,1,0,2,0,Colisión entre vehículos,2,Asfalto,Apto,Seca,Día,NO,Despejado,Buena,Sin Semáforo,Motocicleta
1365,49469,2019-02-02,12:30:00,Urbana,Avenida,AVENIDA MAIPU,2400,,-2.750.066,-5.881.351,1,1,0,2,0,Colisión entre vehículos,2,Hormigón,Apto,Seca,Día,NO,Despejado,Buena,Sin Semáforo,Automóvil
1366,49469,2019-02-02,12:30:00,Urbana,Avenida,AVENIDA MAIPU,2400,,-2.750.066,-5.881.351,1,1,0,2,0,Colisión entre vehículos,2,Hormigón,Apto,Seca,Día,NO,Despejado,Buena,Sin Semáforo,Motocicleta
1367,49420,2019-02-02,19:45:00,Urbana,Avenida,AV MAIPU,6000,ACCESO B° Dr MONTAÑA,-2.752.494,-5.879.638,1,1,0,2,0,Colisión entre vehículos,2,Asfalto,Apto,"Despejada, Seca",Día,NO,Despejado,Buena,Intermitente,Transporte de pasajeros
1368,49420,2019-02-02,19:45:00,Urbana,Avenida,AV MAIPU,6000,ACCESO B° Dr MONTAÑA,-2.752.494,-5.879.638,1,1,0,2,0,Colisión entre vehículos,2,Asfalto,Apto,"Despejada, Seca",Día,NO,Despejado,Buena,Intermitente,Motocicleta
1369,53757,2019-02-01,02:40:00,Urbana,Avenida,AVENIDA FERRE,1700,ESPAÑA,-2.747.648,-5.883.020,2,0,0,2,0,Colisión entre vehículos,2,Hormigón,Apto,Seca,Noche,SI,Despejado,Buena,Funciona,Camioneta/Utilitario
1370,53757,2019-02-01,02:40:00,Urbana,Avenida,AVENIDA FERRE,1700,ESPAÑA,-2.747.648,-5.883.020,2,0,0,2,0,Colisión entre vehículos,2,Hormigón,Apto,Seca,Noche,SI,Despejado,Buena,Funciona,Automóvil
1371,49271,2019-01-31,08:05:00,Urbana,Avenida,AV FERRE,1700,ESPAÑA,-2.747.657,-5.883.019,1,1,0,2,0,Colisión entre vehículos,2,Hormigón,,,Día,NO,Despejado,Buena,Funciona,Automóvil
1372,49271,2019-01-31,08:05:00,Urbana,Avenida,AV FERRE,1700,ESPAÑA,-2.747.657,-5.883.019,1,1,0,2,0,Colisión entre vehículos,2,Hormigón,,,Día,NO,Despejado,Buena,Funciona,Motocicleta
1373,53687,2019-01-31,09:20:00,Urbana,Avenida,AVENIDA GRAL. PAZ,2000,FRAGATA HERCULES,-2.748.002,-5.882.096,1,1,0,2,0,Colisión entre vehículos,2,,Apto,Seca,Día,NO,Despejado,Buena,Sin Semáforo,Camioneta/Utilitario
1374,53687,2019-01-31,09:20:00,Urbana,Avenida,AVENIDA GRAL. PAZ,2000,FRAGATA HERCULES,-2.748.002,-5.882.096,1,1,0,2,0,Colisión entre vehículos,2,,Apto,Seca,Día,NO,Despejado,Buena,Sin Semáforo,Motocicleta
1375,49243,2019-01-31,22:25:00,Urbana,Avenida,TRES DE ABRIL,2000,ESPAÑA,-2.747.652,-5.883.013,2,0,0,2,0,Colisión entre vehículos,2,Hormigón,,Seca,Noche,NO,Despejado,Buena,Funciona,Automóvil