,id_feu,siniestro_fecha,siniestro_hora,zona_ocurrencia,via_publica,nombre_via,altura_km,entre_calle_1,latitud,longitud,ilesos,heridos,fallecidos,vehiculos,peatones,tipo_siniestro_unico,cantidad_de_involucrados,material_de_la_calzada,estado_de_la_calzada,estado_fisico_ambiental,luminosidad,luz_artificial,estado_ambiental,visibilidad,semaforo,tipo_involucrado
1376,49243,2019-01-31,22:25:00,Urbana,Avenida,TRES DE ABRIL,2000,ESPAÑA,-2.747.652,-5.883.013,2,0,0,2,0,Colisión entre vehículos,2,Hormigón,,Seca,Noche,NO,Despejado,Buena,Funciona,Motocicleta
1377,54968,2019-01-31,09:10:00,Urbana,Calle,9 DE julio,800,BUENOS AIRES,-2.746.639,-5.884.054,2,0,0,2,0,Colisión entre vehículos,2,Asfalto,Apto,"Despejada, Seca",Día,NO,Despejado,Buena,Sin Semáforo,Automóvil
1378,54968,2019-01-31,09:10:00,Urbana,Calle,9 DE julio,800,BUENOS AIRES,-2.746.639,-5.884.054,2,0,0,2,0,Colisión entre vehículos,2,Asfalto,Apto,"Despejada, Seca",Día,NO,Despejado,Buena,Sin Semáforo,Transporte de carga
1379,49216,2019-01-31,08:45:00,Urbana,Avenida,AV PEDRO FERRE,2900,AV CHACABUCO,-2.747.849,-5.881.467,1,0,0,1,0,Caída desde vehículo,1,Asfalto,Apto,Seca,Día,NO,Nublado,Buena,Funciona,Motocicleta
1380,62886,2019-01-31,09:34:00,Urbana,Avenida,AV. PEDRO FERRE,1600,SANTA  FE,-2.747.647,-5.883.147,1,1,0,2,0,Colisión entre vehículos,2,Hormigón,Apto,Seca,Día,NO,Despejado,,Funciona,Motocicleta
1381,62886,2019-01-31,09:34:00,Urbana,Avenida,AV. PEDRO FERRE,1600,SANTA  FE,-2.747.647,-5.883.147,1,1,0,2,0,Colisión entre vehículos,2,Hormigón,Apto,Seca,Día,NO,Despejado,,Funciona,Motocicleta
1382,49617,2019-01-30,10:40:00,Urbana,Calle,MORENO,1400,CORDOBA,-2.747.336,-5.883.501,3,1,0,2,0,Colisión entre vehículos,2,Asfalto,Apto,Seca,Día,NO,Despejado,Buena,Sin Semáforo,Automóvil
1383,49617,2019-01-30,10:40:00,Urbana,Calle,MORENO,1400,CORDOBA,-2.747.336,-5.883.501,3,1,0,2,0,Colisión entre vehículos,2,Asfalto,Apto,Seca,Día,NO,Despejado,Buena,Sin Semáforo,Motocicleta
1384,53856,2019-01-29,09:00:00,Urbana,Avenida,AV INDEPENDENCIA,5100,GODOY CRUZ,-2.748.395,-5.878.972,2,1,0,2,0,Colisión entre vehículos,2,Hormigón,,"Despejada, Seca",Día,,Despejado,Buena,Funciona,Camioneta/Utilitario
1385,53856,2019-01-29,09:00:00,Urbana,Avenida,AV INDEPENDENCIA,5100,GODOY CRUZ,-2.748.395,-5.878.972,2,1,0,2,0,Colisión entre vehículos,2,Hormigón,,"Despejada, Seca",Día,,Despejado,Buena,Funciona,Camioneta/Utilitario
1386,54243,2019-01-28,16:30:00,Urbana,Calle,JUJUY,1600,BOLIVAR,-2.747.176,-5.882.835,1,1,0,2,0,Colisión entre vehículos,2,Hormigón,Apto,Seca,Día,NO,Despejado,Buena,Sin Semáforo,Automóvil
1387,54243,2019-01-28,16:30:00,Urbana,Calle,JUJUY,1600,BOLIVAR,-2.747.176,-5.882.835,1,1,0,2,0,Colisión entre vehículos,2,Hormigón,Apto,Seca,Día,NO,Despejado,Buena,Sin Semáforo,Motocicleta
1388,49424,2019-01-28,18:20:00,Urbana,Avenida,AVENIDA COSTANERA,600,,-2.746.702,-5.885.183,2,0,0,2,0,Colisión entre vehículos,2,Asfalto,Apto,Seca,Día,NO,Despejado,,Sin Semáforo,Motocicleta
1389,49424,2019-01-28,18:20:00,Urbana,Avenida,AVENIDA COSTANERA,600,,-2.746.702,-5.885.183,2,0,0,2,0,Colisión entre vehículos,2,Asfalto,Apto,Seca,Día,NO,Despejado,,Sin Semáforo,Automóvil
1390,49223,2019-01-28,10:00:00,Urbana,Avenida,AV MAIPU,5800,GUAYQUIRARO,-2.751.370,-5.880.728,1,1,0,2,0,Colisión entre vehículos,2,Hormigón,Apto,Seca,Día,NO,Despejado,Buena,Funciona,Automóvil
1391,49223,2019-01-28,10:00:00,Urbana,Avenida,AV MAIPU,5800,GUAYQUIRARO,-2.751.370,-5.880.728,1,1,0,2,0,Colisión entre vehículos,2,Hormigón,Apto,Seca,Día,NO,Despejado,Buena,Funciona,Motocicleta
1392,49511,2019-01-25,08:00:00,Urbana,Avenida,AV FERRE,2500,ITUZAINGO,,,1,1,0,2,0,Colisión entre vehículos,2,Hormigón,Apto,Seca,Día,NO,Despejado,Buena,Sin Semáforo,Motocicleta
1393,49511,2019-01-25,08:00:00,Urbana,Avenida,AV FERRE,2500,ITUZAINGO,,,1,1,0,2,0,Colisión entre vehículos,2,Hormigón,Apto,Seca,Día,NO,Despejado,Buena,Sin Semáforo,Automóvil
1394,55271,2019-01-25,10:40:00,Urbana,Calle,GUEMES,1800,GRAL PAZ,-2.748.208,-5.880.795,0,1,0,1,0,Despiste,1,Hormigón,Apto,Seca,Día,NO,Despejado,Buena,Sin Semáforo,Motocicleta
1395,67474,2019-01-25,00:40:00,Urbana,Calle,COSQUIN,1900,CRESPO,-2.749.407,-5.882.921,2,0,0,2,0,Colisión entre vehículos,2,Hormigón,Apto,Seca,Noche,SI,Despejado,Buena,Sin Semáforo,Automóvil
1396,67474,2019-01-25,00:40:00,Urbana,Calle,COSQUIN,1900,CRESPO,-2.749.407,-5.882.921,2,0,0,2,0,Colisión entre vehículos,2,Hormigón,Apto,Seca,Noche,SI,Despejado,Buena,Sin Semáforo,Automóvil
1397,49317,2019-01-25,08:50:00,Urbana,Avenida,AVENIDA INDEPENDENCIA,4500,LAS PIEDRAS,-2.748.124,-5.879.974,1,1,0,2,0,Colisión entre vehículos,2,Hormigón,Apto,Seca,Día,NO,Despejado,Buena,Funciona,Automóvil
1398,49317,2019-01-25,08:50:00,Urbana,Avenida,AVENIDA INDEPENDENCIA,4500,LAS PIEDRAS,-2.748.124,-5.879.974,1,1,0,2,0,Colisión entre vehículos,2,Hormigón,Apto,Seca,Día,NO,Despejado,Buena,Funciona,Motocicleta
1399,49371,2019-01-24,08:45:00,Urbana,Calle,RIOJA,1000,BOLIVAR,-2.747.076,-5.883.842,1,1,0,2,0,Colisión entre vehículos,2,Asfalto,Apto,Seca,Día,NO,Despejado,Buena,Sin Semáforo,Motocicleta
1400,49371,2019-01-24,08:45:00,Urbana,Calle,RIOJA,1000,BOLIVAR,-2.747.076,-5.883.842,1,1,0,2,0,Colisión entre vehículos,2,Asfalto,Apto,Seca,Día,NO,Despejado,Buena,Sin Semáforo,Automóvil
1401,49376,2019-01-23,16:00:00,Urbana,Calle,CARTAGENA,4100,INGLATERRA,-2.749.460,-5.880.370,1,1,0,2,0,Colisión entre vehículos,2,Asfalto,Apto,Seca,Día,NO,Despejado,Buena,Sin Semáforo,Motocicleta
1402,49376,2019-01-23,16:00:00,Urbana,Calle,CARTAGENA,4100,INGLATERRA,-2.749.460,-5.880.370,1,1,0,2,0,Colisión entre vehículos,2,Asfalto,Apto,Seca,Día,NO,Despejado,Buena,Sin Semáforo,Automóvil
1403,49507,2019-01-23,10:26:00,Urbana,Calle,CATAMARCA,1400,JUNIN,-2.746.798,-5.883.308,1,1,0,2,0,Colisión entre vehículos,2,Hormigón,Apto,Mojada,Día,NO,Lluvia,Buena,Funciona,Motocicleta
1404,49507,2019-01-23,10:26:00,Urbana,Calle,CATAMARCA,1400,JUNIN,-2.746.798,-5.883.308,1,1,0,2,0,Colisión entre vehículos,2,Hormigón,Apto,Mojada,Día,NO,Lluvia,Buena,Funciona,Automóvil
1405,49612,2019-01-22,07:50:00,Urbana,Calle,9 DE julio,1200,MENDOZA,-2.746.655,-5.883.545,2,0,0,2,0,Colisión entre vehículos,2,Asfalto,Apto,,Día,NO,Nublado,Buena,Funciona,Automóvil
1406,49612,2019-01-22,07:50:00,Urbana,Calle,9 DE julio,1200,MENDOZA,-2.746.655,-5.883.545,2,0,0,2,0,Colisión entre vehículos,2,Asfalto,Apto,,Día,NO,Nublado,Buena,Funciona,Transporte de pasajeros
1407,49618,2019-01-22,18:45:00,Urbana,Calle,RIVADAVIA,1500,SAN LORENZO,-2.747.477,-5.883.256,1,1,0,2,0,Colisión entre vehículos,2,Hormigón,Apto,Despejada,Noche,SI,Nublado,,Sin Semáforo,Automóvil
1408,49618,2019-01-22,18:45:00,Urbana,Calle,RIVADAVIA,1500,SAN LORENZO,-2.747.477,-5.883.256,1,1,0,2,0,Colisión entre vehículos,2,Hormigón,Apto,Despejada,Noche,SI,Nublado,,Sin Semáforo,Motocicleta
1409,60660,2019-01-22,08:00:00,Urbana,Avenida,PUJOL,1000,,-2.746.971,-5.881.891,0,1,0,1,0,Despiste,1,,Apto,Seca,Día,NO,Despejado,Buena,Funciona,Motocicleta
1410,53364,2019-01-22,15:45:00,Urbana,Calle,LAS PIEDRAS,1900,GRAL PAZ,-2.748.309,-5.880.067,2,0,0,2,0,Colisión entre vehículos,2,Hormigón,Apto,Seca,Día,NO,Despejado,Buena,Sin Semáforo,Automóvil
1411,53364,2019-01-22,15:45:00,Urbana,Calle,LAS PIEDRAS,1900,GRAL PAZ,-2.748.309,-5.880.067,2,0,0,2,0,Colisión entre vehículos,2,Hormigón,Apto,Seca,Día,NO,Despejado,Buena,Sin Semáforo,Automóvil
1412,68833,2019-01-22,15:50:00,Urbana,Avenida,WENCESLAO DOMINGUES,2600,PITAGORAS,-2.749.049,-5.880.833,1,2,0,2,0,Colisión entre vehículos,2,Hormigón,Apto,"Despejada, Seca",Día,NO,Despejado,Buena,Sin Semáforo,Motocicleta
1413,68833,2019-01-22,15:50:00,Urbana,Avenida,WENCESLAO DOMINGUES,2600,PITAGORAS,-2.749.049,-5.880.833,1,2,0,2,0,Colisión entre vehículos,2,Hormigón,Apto,"Despejada, Seca",Día,NO,Despejado,Buena,Sin Semáforo,Automóvil
1414,62293,2019-01-21,10:00:00,Urbana,Avenida,INDEPENDENCIA,5498,ROTONDA,-2.748.429,-5.878.372,3,0,0,3,0,Colisión entre vehículos,3,Hormigón,Apto,Seca,Día,NO,Despejado,Buena,Sin Semáforo,Transporte de carga
1415,62293,2019-01-21,10:00:00,Urbana,Avenida,INDEPENDENCIA,5498,ROTONDA,-2.748.429,-5.878.372,3,0,0,3,0,Colisión entre vehículos,3,Hormigón,Apto,Seca,Día,NO,Despejado,Buena,Sin Semáforo,Camioneta/Utilitario
1416,62293,2019-01-21,10:00:00,Urbana,Avenida,INDEPENDENCIA,5498,ROTONDA,-2.748.429,-5.878.372,3,0,0,3,0,Colisión entre vehículos,3,Hormigón,Apto,Seca,Día,NO,Despejado,Buena,Sin Semáforo,Camioneta/Utilitario
1417,49319,2019-01-21,18:55:00,Urbana,Calle,RIVADAVIA,1100,SAN JUAN,-2.747.434,-5.883.742,1,2,0,2,0,Colisión entre vehículos,2,Hormigón,Apto,Seca,Día,NO,Despejado,Buena,Sin Semáforo,Motocicleta
1418,49319,2019-01-21,18:55:00,Urbana,Calle,RIVADAVIA,1100,SAN JUAN,-2.747.434,-5.883.742,1,2,0,2,0,Colisión entre vehículos,2,Hormigón,Apto,Seca,Día,NO,Despejado,Buena,Sin Semáforo,Automóvil
1419,49318,2019-01-21,10:20:00,Urbana,Calle,PERU,1033,SAN MARTIN,-2.747.127,-5.882.179,0,1,0,1,0,Caída desde vehículo,1,Hormigón,Apto,Seca,Día,NO,Despejado,Buena,Sin Semáforo,Motocicleta
1420,49266,2019-01-21,21:40:00,Urbana,Avenida,AV IBERA,1850,CRESPO,-2.749.870,-5.883.040,0,1,0,1,0,Colisión entre vehículos,1,Asfalto,Apto,Seca,,SI,Despejado,Buena,Sin Semáforo,Motocicleta
1421,62290,2019-01-21,06:00:00,Urbana,Calle,CHACABUCO,2990,CAZADORES CORRENTINOS,-2.748.673,-5.881.617,0,1,0,1,0,Colisión entre vehículos,1,Hormigón,Apto,,,NO,Despejado,Buena,Funciona,Motocicleta
1422,64859,2019-01-21,08:00:00,Urbana,Avenida,TENIENTE IBAÑEZ,2400,VARGAS GOMEZ,-2.748.573,-5.883.522,1,1,0,2,0,Colisión entre vehículos,2,Hormigón,Apto,Seca,Día,NO,Despejado,Buena,Funciona,Automóvil
1423,64859,2019-01-21,08:00:00,Urbana,Avenida,TENIENTE IBAÑEZ,2400,VARGAS GOMEZ,-2.748.573,-5.883.522,1,1,0,2,0,Colisión entre vehículos,2,Hormigón,Apto,Seca,Día,NO,Despejado,Buena,Funciona,Bicicleta
1424,64877,2019-01-20,19:00:00,Urbana,Calle,ROCA,2200,SAN MARTIN,-2.747.115,-5.882.305,1,1,0,2,0,Colisión entre vehículos,2,Asfalto,Apto,Seca,Atardecer,SI,Despejado,Buena,Sin Semáforo,Camioneta/Utilitario
1425,64877,2019-01-20,19:00:00,Urbana,Calle,ROCA,2200,SAN MARTIN,-2.747.115,-5.882.305,1,1,0,2,0,Colisión entre vehículos,2,Asfalto,Apto,Seca,Atardecer,SI,Despejado,Buena,Sin Semáforo,Motocicleta
1426,49412,2019-01-20,10:15:00,Urbana,Calle,LA RIOJA,1000,BELGRANO,-2.747.193,-5.883.853,2,1,0,2,0,Colisión entre vehículos,2,Asfalto,Apto,Seca,Día,NO,Nublado,Buena,Sin Semáforo,Motocicleta
1427,49412,2019-01-20,10:15:00,Urbana,Calle,LA RIOJA,1000,BELGRANO,-2.747.193,-5.883.853,2,1,0,2,0,Colisión entre vehículos,2,Asfalto,Apto,Seca,Día,NO,Nublado,Buena,Sin Semáforo,Camioneta/Utilitario
1428,49487,2019-01-20,15:50:00,Urbana,Avenida,AVENIDA 3 DE ABRIL,500,ALBERDI,-2.747.485,-5.884.432,1,1,1,2,0,Colisión entre vehículos,2,Hormigón,Apto,Seca,Día,NO,Despejado,Buena,Sin Semáforo,Transporte de carga
1429,49487,2019-01-20,15:50:00,Urbana,Avenida,AVENIDA 3 DE ABRIL,500,ALBERDI,-2.747.485,-5.884.432,1,1,1,2,0,Colisión entre vehículos,2,Hormigón,Apto,Seca,Día,NO,Despejado,Buena,Sin Semáforo,Motocicleta
1430,53732,2019-01-19,16:00:00,Urbana,Calle,BOLIVAR,1100,BRASIL,-2.747.203,-5.882.507,2,0,0,2,0,Colisión entre vehículos,2,Asfalto,Apto,Seca,Día,NO,Despejado,Buena,Sin Semáforo,Automóvil
1431,53732,2019-01-19,16:00:00,Urbana,Calle,BOLIVAR,1100,BRASIL,-2.747.203,-5.882.507,2,0,0,2,0,Colisión entre vehículos,2,Asfalto,Apto,Seca,Día,NO,Despejado,Buena,Sin Semáforo,Transporte de carga
1432,62859,2019-01-19,16:00:00,Urbana,Avenida,LAS PIEDRAS,2200,NICOLAS AVELLANEDA,-2.748.751,-5.880.149,2,0,0,2,0,Colisión entre vehículos,2,Hormigón,Apto,Seca,Atardecer,NO,,,Funciona,Automóvil
1433,62859,2019-01-19,16:00:00,Urbana,Avenida,LAS PIEDRAS,2200,NICOLAS AVELLANEDA,-2.748.751,-5.880.149,2,0,0,2,0,Colisión entre vehículos,2,Hormigón,Apto,Seca,Atardecer,NO,,,Funciona,Camioneta/Utilitario
1434,49576,2019-01-18,14:00:00,Urbana,Calle,TEMPERLEY,3200,MATIAS PIPET,-2.749.107,-5.883.213,2,1,0,2,0,Colisión entre vehículos,2,Hormigón,Apto,Seca,Día,NO,Nublado,Buena,Sin Semáforo,Automóvil
1435,49576,2019-01-18,14:00:00,Urbana,Calle,TEMPERLEY,3200,MATIAS PIPET,-2.749.107,-5.883.213,2,1,0,2,0,Colisión entre vehículos,2,Hormigón,Apto,Seca,Día,NO,Nublado,Buena,Sin Semáforo,Bicicleta
1436,53682,2019-01-18,15:30:00,Urbana,Avenida,AV. INDEPENDENCIA,3500,GUEMES,-2.747.930,-5.880.754,1,1,0,2,0,Colisión entre vehículos,2,Asfalto,Apto,Seca,Día,NO,Despejado,Buena,Funciona,Motocicleta
1437,53682,2019-01-18,15:30:00,Urbana,Avenida,AV. INDEPENDENCIA,3500,GUEMES,-2.747.930,-5.880.754,1,1,0,2,0,Colisión entre vehículos,2,Asfalto,Apto,Seca,Día,NO,Despejado,Buena,Funciona,Automóvil
1438,49526,2019-01-17,10:05:00,Urbana,Calle,ENTRE RIOS,1400,RIVADAVIA,-2.747.368,-5.884.475,2,0,0,2,0,Colisión entre vehículos,2,Asfalto,Apto,Seca,Día,NO,Despejado,Buena,Sin Semáforo,Automóvil
1439,49526,2019-01-17,10:05:00,Urbana,Calle,ENTRE RIOS,1400,RIVADAVIA,-2.747.368,-5.884.475,2,0,0,2,0,Colisión entre vehículos,2,Asfalto,Apto,Seca,Día,NO,Despejado,Buena,Sin Semáforo,Automóvil
1440,58981,2019-01-17,22:10:00,Urbana,Avenida,MAIPU,1699,,-2.747.751,-5.883.017,1,1,0,2,0,Colisión entre vehículos,2,Hormigón,Apto,Seca,Noche,SI,Despejado,Buena,Funciona,Automóvil
1441,58981,2019-01-17,22:10:00,Urbana,Avenida,MAIPU,1699,,-2.747.751,-5.883.017,1,1,0,2,0,Colisión entre vehículos,2,Hormigón,Apto,Seca,Noche,SI,Despejado,Buena,Funciona,Motocicleta
1442,49407,2019-01-16,10:15:00,Urbana,Calle,LA RIOJA,1000,BELGRANO,-2.747.193,-5.883.853,2,1,0,2,0,Colisión entre vehículos,2,Asfalto,Apto,Seca,Día,NO,Nublado,Buena,Sin Semáforo,Motocicleta
1443,49407,2019-01-16,10:15:00,Urbana,Calle,LA RIOJA,1000,BELGRANO,-2.747.193,-5.883.853,2,1,0,2,0,Colisión entre vehículos,2,Asfalto,Apto,Seca,Día,NO,Nublado,Buena,Sin Semáforo,Camioneta/Utilitario
1444,49590,2019-01-16,05:00:00,Urbana,Avenida,AV MAIPU,2000,MANANTIALES,-2.749.618,-5.881.660,0,1,0,1,0,Caída desde vehículo,1,Hormigón,,Seca,Noche,SI,Despejado,Buena,Sin Semáforo,Motocicleta
1445,54936,2019-01-15,08:20:00,Urbana,Avenida,AVENIDA ARTIGAS,1200,BELGRANO,-2.747.389,-5.881.917,1,1,0,2,0,Colisión entre vehículos,2,Asfalto,Apto,Seca,Día,NO,"Despejado, Viento",Buena,Funciona,Automóvil
1446,54936,2019-01-15,08:20:00,Urbana,Avenida,AVENIDA ARTIGAS,1200,BELGRANO,-2.747.389,-5.881.917,1,1,0,2,0,Colisión entre vehículos,2,Asfalto,Apto,Seca,Día,NO,"Despejado, Viento",Buena,Funciona,Bicicleta
1447,49375,2019-01-13,12:10:00,Urbana,Calle,SUIZA,3100,RECONQUISTA,-2.747.573,-5.881.273,1,1,0,2,0,Colisión entre vehículos,2,Asfalto,Apto,Seca,Día,NO,Despejado,Buena,Sin Semáforo,Automóvil
1448,49375,2019-01-13,12:10:00,Urbana,Calle,SUIZA,3100,RECONQUISTA,-2.747.573,-5.881.273,1,1,0,2,0,Colisión entre vehículos,2,Asfalto,Apto,Seca,Día,NO,Despejado,Buena,Sin Semáforo,Motocicleta
1449,49287,2019-01-13,09:30:00,Urbana,Avenida,AV MAIPU,3500,8 DE mayo,-2.750.068,-5.881.355,2,0,0,2,0,Colisión entre vehículos,2,Asfalto,Apto,Seca,Día,NO,Despejado,Buena,Funciona,Automóvil
1450,49287,2019-01-13,09:30:00,Urbana,Avenida,AV MAIPU,3500,8 DE mayo,-2.750.068,-5.881.355,2,0,0,2,0,Colisión entre vehículos,2,Asfalto,Apto,Seca,Día,NO,Despejado,Buena,Funciona,Motocicleta
1451,64182,2019-01-13,13:58:00,Urbana,Avenida,PEDRO FERRE,1500,ROCA,-2.747.739,-5.882.368,1,1,0,2,0,Colisión entre vehículos,2,Hormigón,Apto,Seca,Día,NO,Despejado,,Funciona,Automóvil
1452,64182,2019-01-13,13:58:00,Urbana,Avenida,PEDRO FERRE,1500,ROCA,-2.747.739,-5.882.368,1,1,0,2,0,Colisión entre vehículos,2,Hormigón,Apto,Seca,Día,NO,Despejado,,Funciona,Automóvil
1453,58996,2019-01-12,17:50:00,Urbana,Avenida,PEDRO FERRE,2600,,-2.747.792,-5.881.983,2,0,0,2,0,Colisión entre vehículos,2,Hormigón,Apto,Seca,,NO,Despejado,Buena,Sin Semáforo,Automóvil
1454,58996,2019-01-12,17:50:00,Urbana,Avenida,PEDRO FERRE,2600,,-2.747.792,-5.881.983,2,0,0,2,0,Colisión entre vehículos,2,Hormigón,Apto,Seca,,NO,Despejado,Buena,Sin Semáforo,Motocicleta
1455,67700,2019-01-12,08:15:00,Urbana,Calle,25 DE mayo,1400,,-2.746.464,-5.883.272,2,0,0,2,0,Colisión entre vehículos,2,Asfalto,Apto,Seca,Día,NO,Despejado,Buena,Sin Semáforo,Automóvil
1456,67700,2019-01-12,08:15:00,Urbana,Calle,25 DE mayo,1400,,-2.746.464,-5.883.272,2,0,0,2,0,Colisión entre vehículos,2,Asfalto,Apto,Seca,Día,NO,Despejado,Buena,Sin Semáforo,Camioneta/Utilitario
1457,49515,2019-01-12,08:15:00,Urbana,Calle,HIPOLITO YRIGOYEN,450,,-2.746.809,-5.884.491,2,1,0,3,0,Colisión entre vehículos,3,Hormigón,Apto,Seca,Día,NO,Nublado,Buena,Sin Semáforo,Automóvil
1458,49515,2019-01-12,08:15:00,Urbana,Calle,HIPOLITO YRIGOYEN,450,,-2.746.809,-5.884.491,2,1,0,3,0,Colisión entre vehículos,3,Hormigón,Apto,Seca,Día,NO,Nublado,Buena,Sin Semáforo,Automóvil
1459,49515,2019-01-12,08:15:00,Urbana,Calle,HIPOLITO YRIGOYEN,450,,-2.746.809,-5.884.491,2,1,0,3,0,Colisión entre vehículos,3,Hormigón,Apto,Seca,Día,NO,Nublado,Buena,Sin Semáforo,Automóvil
1460,49550,2019-01-12,23:30:00,Urbana,Calle,ESPAÑA,1000,SAN MARTIN,-2.747.049,-5.882.941,1,1,0,2,0,Colisión entre vehículos,2,Asfalto,Apto,Seca,Noche,SI,Despejado,Buena,Sin Semáforo,Automóvil
1461,49550,2019-01-12,23:30:00,Urbana,Calle,ESPAÑA,1000,SAN MARTIN,-2.747.049,-5.882.941,1,1,0,2,0,Colisión entre vehículos,2,Asfalto,Apto,Seca,Noche,SI,Despejado,Buena,Sin Semáforo,Motocicleta
1462,58998,2019-01-11,10:10:00,Urbana,Calle,RIVADAVIA,1500,MENDOZA,-2.747.447,-5.883.635,2,0,0,2,0,Colisión entre vehículos,2,Hormigón,Baches,Seca,Día,NO,Despejado,Buena,Sin Semáforo,Automóvil
1463,58998,2019-01-11,10:10:00,Urbana,Calle,RIVADAVIA,1500,MENDOZA,-2.747.447,-5.883.635,2,0,0,2,0,Colisión entre vehículos,2,Hormigón,Baches,Seca,Día,NO,Despejado,Buena,Sin Semáforo,Camioneta/Utilitario
1464,54358,2019-01-11,17:50:00,Urbana,Avenida,AVENIDA FERRE,1700,ESPAÑA,-2.747.660,-5.883.003,6,0,0,4,0,Colisión entre vehículos,4,Hormigón,Apto,Seca,Día,NO,Despejado,Buena,Funciona,Motocicleta
1465,54358,2019-01-11,17:50:00,Urbana,Avenida,AVENIDA FERRE,1700,ESPAÑA,-2.747.660,-5.883.003,6,0,0,4,0,Colisión entre vehículos,4,Hormigón,Apto,Seca,Día,NO,Despejado,Buena,Funciona,Automóvil
1466,54358,2019-01-11,17:50:00,Urbana,Avenida,AVENIDA FERRE,1700,ESPAÑA,-2.747.660,-5.883.003,6,0,0,4,0,Colisión entre vehículos,4,Hormigón,Apto,Seca,Día,NO,Despejado,Buena,Funciona,Camioneta/Utilitario
1467,54358,2019-01-11,17:50:00,Urbana,Avenida,AVENIDA FERRE,1700,ESPAÑA,-2.747.660,-5.883.003,6,0,0,4,0,Colisión entre vehículos,4,Hormigón,Apto,Seca,Día,NO,Despejado,Buena,Funciona,Motocicleta
1468,49536,2019-01-06,01:35:00,Urbana,Calle,MORENO,2000,,-2.747.431,-5.882.599,2,0,0,2,0,Colisión entre vehículos,2,Asfalto,Apto,Seca,Noche,SI,Despejado,Buena,Sin Semáforo,Camioneta/Utilitario
1469,49536,2019-01-06,01:35:00,Urbana,Calle,MORENO,2000,,-2.747.431,-5.882.599,2,0,0,2,0,Colisión entre vehículos,2,Asfalto,Apto,Seca,Noche,SI,Despejado,Buena,Sin Semáforo,Transporte de carga
1470,49312,2019-01-05,18:30:00,Urbana,Calle,LAMADRID,100,PASAJE MORGAN,-2.747.985,-5.885.225,3,0,0,2,0,Colisión entre vehículos,2,Asfalto,Apto,Seca,Día,,Despejado,Buena,,Automóvil
1471,49312,2019-01-05,18:30:00,Urbana,Calle,LAMADRID,100,PASAJE MORGAN,-2.747.985,-5.885.225,3,0,0,2,0,Colisión entre vehículos,2,Asfalto,Apto,Seca,Día,,Despejado,Buena,,Motocicleta
1472,62854,2019-01-04,09:30:00,Urbana,Calle,LAS HERAS,2798,CHILE,-2.748.274,-5.881.793,1,1,0,2,0,Colisión entre vehículos,2,Hormigón,Apto,Seca,Día,NO,Despejado,Buena,Sin Semáforo,Automóvil
1473,62854,2019-01-04,09:30:00,Urbana,Calle,LAS HERAS,2798,CHILE,-2.748.274,-5.881.793,1,1,0,2,0,Colisión entre vehículos,2,Hormigón,Apto,Seca,Día,NO,Despejado,Buena,Sin Semáforo,Motocicleta
1474,64184,2019-01-04,22:45:00,Urbana,Avenida,INDEPENDENCIA,5098,GODOY CRUZ,-2.748.385,-5.878.968,1,3,0,2,0,Colisión entre vehículos,2,Hormigón,Apto,Seca,Noche,SI,Despejado,Buena,Funciona,Otro
1475,64184,2019-01-04,22:45:00,Urbana,Avenida,INDEPENDENCIA,5098,GODOY CRUZ,-2.748.385,-5.878.968,1,3,0,2,0,Colisión entre vehículos,2,Hormigón,Apto,Seca,Noche,SI,Despejado,Buena,Funciona,Automóvil
1476,49561,2019-01-03,16:45:00,Urbana,Avenida,MEDRANO,4430,CAZADORES CORRENTINOS,-2.748.772,-5.879.951,2,0,0,2,0,Colisión entre vehículos,2,Hormigón,Apto,Seca,Día,NO,Despejado,Buena,Funciona,Motocicleta
1477,49561,2019-01-03,16:45:00,Urbana,Avenida,MEDRANO,4430,CAZADORES CORRENTINOS,-2.748.772,-5.879.951,2,0,0,2,0,Colisión entre vehículos,2,Hormigón,Apto,Seca,Día,NO,Despejado,Buena,Funciona,Camioneta/Utilitario
1478,54230,2019-01-03,10:30:00,Urbana,Avenida,AVENIDA MAIPU,3100,LORETO,-2.750.585,-5.881.112,1,1,0,2,0,Colisión entre vehículos,2,Asfalto,Apto,Seca,Día,NO,Despejado,Buena,Sin Semáforo,Automóvil
1479,54230,2019-01-03,10:30:00,Urbana,Avenida,AVENIDA MAIPU,3100,LORETO,-2.750.585,-5.881.112,1,1,0,2,0,Colisión entre vehículos,2,Asfalto,Apto,Seca,Día,NO,Despejado,Buena,Sin Semáforo,Motocicleta
1480,54500,2019-01-02,10:30:00,Urbana,Avenida,AV INDEPENDENCIA,4200,LAS PIEDRAS,-2.748.079,-5.880.050,1,1,0,2,0,Colisión entre vehículos,2,Asfalto,Apto,Seca,Día,SI,Despejado,Buena,Funciona,Automóvil
1481,54500,2019-01-02,10:30:00,Urbana,Avenida,AV INDEPENDENCIA,4200,LAS PIEDRAS,-2.748.079,-5.880.050,1,1,0,2,0,Colisión entre vehículos,2,Asfalto,Apto,Seca,Día,SI,Despejado,Buena,Funciona,Motocicleta